"URI","rdf-schema#label","rdf-schema#comment","administrativeDistrict_label","administrativeDistrict","anthem_label","anthem","area","areaCode","areaLand","areaMetro","areaRural","areaTotal","areaUrban","areaWater","city_label","city","code","country_label","country","daylightSavingTimeZone_label","daylightSavingTimeZone","district_label","district","division_label","division","elevation","federalState_label","federalState","foundingDate","foundingPerson_label","foundingPerson","foundingYear","governingBody_label","governingBody","government_label","government","governmentType_label","governmentType","isPartOf_label","isPartOf","isoCodeRegion_label","isoCodeRegion","leader_label","leader","leaderName_label","leaderName","leaderParty_label","leaderParty","leaderTitle","location_label","location","maximumElevation","mayor_label","mayor","minimumElevation","motto","municipality_label","municipality","part_label","part","percentageOfAreaWater","populationAsOf","populationDensity","populationMetro","populationMetroDensity","populationRural","populationTotal","populationTotalRanking","populationUrban","populationUrbanDensity","postalCode","region_label","region","state_label","state","synonym","thumbnail_label","thumbnail","timeZone_label","timeZone","twinCity_label","twinCity","twinCountry_label","twinCountry","type_label","type","utcOffset","point","22-rdf-syntax-ns#type_label","22-rdf-syntax-ns#type","wgs84_pos#lat","wgs84_pos#long","depiction_label","depiction","homepage_label","homepage","name","nick"
"URI","http://www.w3.org/2000/01/rdf-schema#label","http://www.w3.org/2000/01/rdf-schema#comment","http://dbpedia.org/ontology/administrativeDistrict","http://dbpedia.org/ontology/administrativeDistrict","http://dbpedia.org/ontology/anthem","http://dbpedia.org/ontology/anthem","http://dbpedia.org/ontology/area","http://dbpedia.org/ontology/areaCode","http://dbpedia.org/ontology/areaLand","http://dbpedia.org/ontology/areaMetro","http://dbpedia.org/ontology/areaRural","http://dbpedia.org/ontology/areaTotal","http://dbpedia.org/ontology/areaUrban","http://dbpedia.org/ontology/areaWater","http://dbpedia.org/ontology/city","http://dbpedia.org/ontology/city","http://dbpedia.org/ontology/code","http://dbpedia.org/ontology/country","http://dbpedia.org/ontology/country","http://dbpedia.org/ontology/daylightSavingTimeZone","http://dbpedia.org/ontology/daylightSavingTimeZone","http://dbpedia.org/ontology/district","http://dbpedia.org/ontology/district","http://dbpedia.org/ontology/division","http://dbpedia.org/ontology/division","http://dbpedia.org/ontology/elevation","http://dbpedia.org/ontology/federalState","http://dbpedia.org/ontology/federalState","http://dbpedia.org/ontology/foundingDate","http://dbpedia.org/ontology/foundingPerson","http://dbpedia.org/ontology/foundingPerson","http://dbpedia.org/ontology/foundingYear","http://dbpedia.org/ontology/governingBody","http://dbpedia.org/ontology/governingBody","http://dbpedia.org/ontology/government","http://dbpedia.org/ontology/government","http://dbpedia.org/ontology/governmentType","http://dbpedia.org/ontology/governmentType","http://dbpedia.org/ontology/isPartOf","http://dbpedia.org/ontology/isPartOf","http://dbpedia.org/ontology/isoCodeRegion","http://dbpedia.org/ontology/isoCodeRegion","http://dbpedia.org/ontology/leader","http://dbpedia.org/ontology/leader","http://dbpedia.org/ontology/leaderName","http://dbpedia.org/ontology/leaderName","http://dbpedia.org/ontology/leaderParty","http://dbpedia.org/ontology/leaderParty","http://dbpedia.org/ontology/leaderTitle","http://dbpedia.org/ontology/location","http://dbpedia.org/ontology/location","http://dbpedia.org/ontology/maximumElevation","http://dbpedia.org/ontology/mayor","http://dbpedia.org/ontology/mayor","http://dbpedia.org/ontology/minimumElevation","http://dbpedia.org/ontology/motto","http://dbpedia.org/ontology/municipality","http://dbpedia.org/ontology/municipality","http://dbpedia.org/ontology/part","http://dbpedia.org/ontology/part","http://dbpedia.org/ontology/percentageOfAreaWater","http://dbpedia.org/ontology/populationAsOf","http://dbpedia.org/ontology/populationDensity","http://dbpedia.org/ontology/populationMetro","http://dbpedia.org/ontology/populationMetroDensity","http://dbpedia.org/ontology/populationRural","http://dbpedia.org/ontology/populationTotal","http://dbpedia.org/ontology/populationTotalRanking","http://dbpedia.org/ontology/populationUrban","http://dbpedia.org/ontology/populationUrbanDensity","http://dbpedia.org/ontology/postalCode","http://dbpedia.org/ontology/region","http://dbpedia.org/ontology/region","http://dbpedia.org/ontology/state","http://dbpedia.org/ontology/state","http://dbpedia.org/ontology/synonym","http://dbpedia.org/ontology/thumbnail","http://dbpedia.org/ontology/thumbnail","http://dbpedia.org/ontology/timeZone","http://dbpedia.org/ontology/timeZone","http://dbpedia.org/ontology/twinCity","http://dbpedia.org/ontology/twinCity","http://dbpedia.org/ontology/twinCountry","http://dbpedia.org/ontology/twinCountry","http://dbpedia.org/ontology/type","http://dbpedia.org/ontology/type","http://dbpedia.org/ontology/utcOffset","http://www.georss.org/georss/point","http://www.w3.org/1999/02/22-rdf-syntax-ns#type","http://www.w3.org/1999/02/22-rdf-syntax-ns#type","http://www.w3.org/2003/01/geo/wgs84_pos#lat","http://www.w3.org/2003/01/geo/wgs84_pos#long","http://xmlns.com/foaf/0.1/depiction","http://xmlns.com/foaf/0.1/depiction","http://xmlns.com/foaf/0.1/homepage","http://xmlns.com/foaf/0.1/homepage","http://xmlns.com/foaf/0.1/name","http://xmlns.com/foaf/0.1/nick"
"URI","XMLSchema#string","XMLSchema#string","XMLSchema#string","PopulatedPlace","XMLSchema#string","Work","XMLSchema#double","XMLSchema#string","XMLSchema#double","XMLSchema#double","XMLSchema#double","XMLSchema#double","XMLSchema#double","XMLSchema#double","XMLSchema#string","City","XMLSchema#string","XMLSchema#string","Country","XMLSchema#string","owl#Thing","XMLSchema#string","PopulatedPlace","XMLSchema#string","owl#Thing","XMLSchema#double","XMLSchema#string","PopulatedPlace","XMLSchema#date","XMLSchema#string","Person","XMLSchema#gYear","XMLSchema#string","Organisation","XMLSchema#string","owl#Thing","XMLSchema#string","GovernmentType","XMLSchema#string","owl#Thing","XMLSchema#string","owl#Thing","XMLSchema#string","Person","XMLSchema#string","Person","XMLSchema#string","owl#Thing","XMLSchema#string","XMLSchema#string","Place","XMLSchema#double","XMLSchema#string","Mayor","XMLSchema#double","XMLSchema#string","XMLSchema#string","PopulatedPlace","XMLSchema#string","Place","XMLSchema#float","XMLSchema#date","XMLSchema#double","XMLSchema#nonNegativeInteger","XMLSchema#double","XMLSchema#nonNegativeInteger","XMLSchema#nonNegativeInteger","XMLSchema#positiveInteger","XMLSchema#nonNegativeInteger","XMLSchema#double","XMLSchema#string","XMLSchema#string","Place","XMLSchema#string","PopulatedPlace","XMLSchema#string","XMLSchema#string","owl#Thing","XMLSchema#string","owl#Thing","XMLSchema#string","Settlement","XMLSchema#string","Country","XMLSchema#string","owl#Thing","XMLSchema#string","XMLSchema#string","XMLSchema#string","owl#Class","XMLSchema#float","XMLSchema#float","XMLSchema#string","owl#Thing","XMLSchema#string","owl#Thing","XMLSchema#string","XMLSchema#string"
"http://www.w3.org/2002/07/owl#Thing","http://www.w3.org/2001/XMLSchema#string","http://www.w3.org/2001/XMLSchema#string","http://www.w3.org/2001/XMLSchema#string","http://dbpedia.org/ontology/PopulatedPlace","http://www.w3.org/2001/XMLSchema#string","http://dbpedia.org/ontology/Work","http://www.w3.org/2001/XMLSchema#double","http://www.w3.org/2001/XMLSchema#string","http://www.w3.org/2001/XMLSchema#double","http://www.w3.org/2001/XMLSchema#double","http://www.w3.org/2001/XMLSchema#double","http://www.w3.org/2001/XMLSchema#double","http://www.w3.org/2001/XMLSchema#double","http://www.w3.org/2001/XMLSchema#double","http://www.w3.org/2001/XMLSchema#string","http://dbpedia.org/ontology/City","http://www.w3.org/2001/XMLSchema#string","http://www.w3.org/2001/XMLSchema#string","http://dbpedia.org/ontology/Country","http://www.w3.org/2001/XMLSchema#string","http://www.w3.org/2002/07/owl#Thing","http://www.w3.org/2001/XMLSchema#string","http://dbpedia.org/ontology/PopulatedPlace","http://www.w3.org/2001/XMLSchema#string","http://www.w3.org/2002/07/owl#Thing","http://www.w3.org/2001/XMLSchema#double","http://www.w3.org/2001/XMLSchema#string","http://dbpedia.org/ontology/PopulatedPlace","http://www.w3.org/2001/XMLSchema#date","http://www.w3.org/2001/XMLSchema#string","http://dbpedia.org/ontology/Person","http://www.w3.org/2001/XMLSchema#gYear","http://www.w3.org/2001/XMLSchema#string","http://dbpedia.org/ontology/Organisation","http://www.w3.org/2001/XMLSchema#string","http://www.w3.org/2002/07/owl#Thing","http://www.w3.org/2001/XMLSchema#string","http://dbpedia.org/ontology/GovernmentType","http://www.w3.org/2001/XMLSchema#string","http://www.w3.org/2002/07/owl#Thing","http://www.w3.org/2001/XMLSchema#string","http://www.w3.org/2002/07/owl#Thing","http://www.w3.org/2001/XMLSchema#string","http://dbpedia.org/ontology/Person","http://www.w3.org/2001/XMLSchema#string","http://dbpedia.org/ontology/Person","http://www.w3.org/2001/XMLSchema#string","http://www.w3.org/2002/07/owl#Thing","http://www.w3.org/2001/XMLSchema#string","http://www.w3.org/2001/XMLSchema#string","http://dbpedia.org/ontology/Place","http://www.w3.org/2001/XMLSchema#double","http://www.w3.org/2001/XMLSchema#string","http://dbpedia.org/ontology/Mayor","http://www.w3.org/2001/XMLSchema#double","http://www.w3.org/2001/XMLSchema#string","http://www.w3.org/2001/XMLSchema#string","http://dbpedia.org/ontology/PopulatedPlace","http://www.w3.org/2001/XMLSchema#string","http://dbpedia.org/ontology/Place","http://www.w3.org/2001/XMLSchema#float","http://www.w3.org/2001/XMLSchema#date","http://www.w3.org/2001/XMLSchema#double","http://www.w3.org/2001/XMLSchema#nonNegativeInteger","http://www.w3.org/2001/XMLSchema#double","http://www.w3.org/2001/XMLSchema#nonNegativeInteger","http://www.w3.org/2001/XMLSchema#nonNegativeInteger","http://www.w3.org/2001/XMLSchema#positiveInteger","http://www.w3.org/2001/XMLSchema#nonNegativeInteger","http://www.w3.org/2001/XMLSchema#double","http://www.w3.org/2001/XMLSchema#string","http://www.w3.org/2001/XMLSchema#string","http://dbpedia.org/ontology/Place","http://www.w3.org/2001/XMLSchema#string","http://dbpedia.org/ontology/PopulatedPlace","http://www.w3.org/2001/XMLSchema#string","http://www.w3.org/2001/XMLSchema#string","http://www.w3.org/2002/07/owl#Thing","http://www.w3.org/2001/XMLSchema#string","http://www.w3.org/2002/07/owl#Thing","http://www.w3.org/2001/XMLSchema#string","http://dbpedia.org/ontology/Settlement","http://www.w3.org/2001/XMLSchema#string","http://dbpedia.org/ontology/Country","http://www.w3.org/2001/XMLSchema#string","http://www.w3.org/2002/07/owl#Thing","http://www.w3.org/2001/XMLSchema#string","http://www.w3.org/2001/XMLSchema#string","http://www.w3.org/2001/XMLSchema#string","http://www.w3.org/2002/07/owl#Class","http://www.w3.org/2001/XMLSchema#float","http://www.w3.org/2001/XMLSchema#float","http://www.w3.org/2001/XMLSchema#string","http://www.w3.org/2002/07/owl#Thing","http://www.w3.org/2001/XMLSchema#string","http://www.w3.org/2002/07/owl#Thing","http://www.w3.org/2001/XMLSchema#string","http://www.w3.org/2001/XMLSchema#string"
"http://dbpedia.org/resource/Kud","Kud","Kud is a town and a notified area committee in Udhampur District in the Indian state of Jammu and Kashmir.","NULL","NULL","NULL","NULL","NULL","NULL","NULL","NULL","NULL","NULL","NULL","NULL","NULL","NULL","NULL","India","http://dbpedia.org/resource/India","NULL","NULL","NULL","NULL","NULL","NULL","1855.0","NULL","NULL","NULL","NULL","NULL","NULL","NULL","NULL","NULL","NULL","NULL","NULL","{Jammu and Kashmir|Udhampur district}","{http://dbpedia.org/resource/Jammu_and_Kashmir|http://dbpedia.org/resource/Udhampur_district}","NULL","NULL","NULL","NULL","NULL","NULL","NULL","NULL","NULL","NULL","NULL","NULL","NULL","NULL","NULL","NULL","NULL","NULL","NULL","NULL","NULL","NULL","NULL","NULL","NULL","NULL","1140","NULL","NULL","NULL","NULL","NULL","NULL","NULL","NULL","NULL","NULL","NULL","Indian Standard Time","http://dbpedia.org/resource/Indian_Standard_Time","NULL","NULL","NULL","NULL","NULL","NULL","+5:30","33.08 75.28","{city|place|populated place|municipality|City|Place|_Feature|owl#Thing}","{http://dbpedia.org/ontology/City|http://dbpedia.org/ontology/Place|http://dbpedia.org/ontology/PopulatedPlace|http://dbpedia.org/ontology/Settlement|http://schema.org/City|http://schema.org/Place|http://www.opengis.net/gml/_Feature|http://www.w3.org/2002/07/owl#Thing}","33.08","75.28","NULL","NULL","NULL","NULL","Kud","NULL"
"http://dbpedia.org/resource/Kuju,_Hazaribag","Kuju Hazaribag","Kuju is a census town in Ramgarh district in the Indian state of Jharkhand.","NULL","NULL","NULL","NULL","NULL","NULL","NULL","NULL","NULL","NULL","NULL","NULL","NULL","NULL","NULL","India","http://dbpedia.org/resource/India","NULL","NULL","NULL","NULL","NULL","NULL","426.0","NULL","NULL","NULL","NULL","NULL","NULL","NULL","NULL","NULL","NULL","NULL","NULL","{Jharkhand|Ramgarh district}","{http://dbpedia.org/resource/Jharkhand|http://dbpedia.org/resource/Ramgarh_district}","NULL","NULL","NULL","NULL","NULL","NULL","NULL","NULL","NULL","NULL","NULL","NULL","NULL","NULL","NULL","NULL","NULL","NULL","NULL","NULL","NULL","NULL","NULL","NULL","NULL","NULL","18049","NULL","NULL","NULL","NULL","NULL","NULL","NULL","NULL","NULL","NULL","NULL","Indian Standard Time","http://dbpedia.org/resource/Indian_Standard_Time","NULL","NULL","NULL","NULL","NULL","NULL","+5:30","23.72 85.5","{city|place|populated place|municipality|City|Place|_Feature|owl#Thing}","{http://dbpedia.org/ontology/City|http://dbpedia.org/ontology/Place|http://dbpedia.org/ontology/PopulatedPlace|http://dbpedia.org/ontology/Settlement|http://schema.org/City|http://schema.org/Place|http://www.opengis.net/gml/_Feature|http://www.w3.org/2002/07/owl#Thing}","23.72","85.5","NULL","NULL","NULL","NULL","Kuju","NULL"
"http://dbpedia.org/resource/Kumbhraj","Kumbhraj","Kumbhraj is a town and a nagar panchayat in Guna district in the Indian state of Madhya Pradesh.","NULL","NULL","NULL","NULL","NULL","NULL","NULL","NULL","NULL","NULL","NULL","NULL","NULL","NULL","NULL","India","http://dbpedia.org/resource/India","NULL","NULL","NULL","NULL","NULL","NULL","419.0","NULL","NULL","NULL","NULL","NULL","NULL","NULL","NULL","NULL","NULL","NULL","NULL","{Guna district|Madhya Pradesh}","{http://dbpedia.org/resource/Guna_district|http://dbpedia.org/resource/Madhya_Pradesh}","NULL","NULL","NULL","NULL","NULL","NULL","NULL","NULL","NULL","NULL","NULL","NULL","NULL","NULL","NULL","NULL","NULL","NULL","NULL","NULL","NULL","NULL","NULL","NULL","NULL","NULL","13999","NULL","NULL","NULL","NULL","NULL","NULL","NULL","NULL","NULL","NULL","NULL","Indian Standard Time","http://dbpedia.org/resource/Indian_Standard_Time","NULL","NULL","NULL","NULL","NULL","NULL","+5:30","24.37 77.05","{city|place|populated place|municipality|City|Place|_Feature|owl#Thing}","{http://dbpedia.org/ontology/City|http://dbpedia.org/ontology/Place|http://dbpedia.org/ontology/PopulatedPlace|http://dbpedia.org/ontology/Settlement|http://schema.org/City|http://schema.org/Place|http://www.opengis.net/gml/_Feature|http://www.w3.org/2002/07/owl#Thing}","24.37","77.05","NULL","NULL","NULL","NULL","Kumbhraj","NULL"
"http://dbpedia.org/resource/Kumhari","Kumhari","Kumhari is a town and a nagar panchayat in Durg district in the Indian state of Chhattisgarh.","NULL","NULL","NULL","NULL","NULL","NULL","NULL","NULL","NULL","NULL","NULL","NULL","NULL","NULL","NULL","India","http://dbpedia.org/resource/India","NULL","NULL","NULL","NULL","NULL","NULL","285.0","NULL","NULL","NULL","NULL","NULL","NULL","NULL","NULL","NULL","NULL","NULL","NULL","{Chhattisgarh|Durg district}","{http://dbpedia.org/resource/Chhattisgarh|http://dbpedia.org/resource/Durg_district}","NULL","NULL","NULL","NULL","NULL","NULL","NULL","NULL","NULL","NULL","NULL","NULL","NULL","NULL","NULL","NULL","NULL","NULL","NULL","NULL","NULL","NULL","NULL","NULL","NULL","NULL","29737","NULL","NULL","NULL","NULL","NULL","NULL","NULL","NULL","NULL","NULL","NULL","Indian Standard Time","http://dbpedia.org/resource/Indian_Standard_Time","NULL","NULL","NULL","NULL","NULL","NULL","+5:30","21.27 81.52","{city|place|populated place|municipality|City|Place|_Feature|owl#Thing}","{http://dbpedia.org/ontology/City|http://dbpedia.org/ontology/Place|http://dbpedia.org/ontology/PopulatedPlace|http://dbpedia.org/ontology/Settlement|http://schema.org/City|http://schema.org/Place|http://www.opengis.net/gml/_Feature|http://www.w3.org/2002/07/owl#Thing}","21.27","81.52","NULL","NULL","NULL","NULL","Kumhari","NULL"
"http://dbpedia.org/resource/Kunigal","Kunigal","Kunigal is a town in Tumkur district in the Indian state of Karnataka. It is the headquarters of Kunigal taluk. Kunigal is famous for stud farm owned by Vijay Mallya.","NULL","NULL","NULL","NULL","NULL","91-8132","NULL","NULL","NULL","NULL","NULL","NULL","NULL","NULL","NULL","India","http://dbpedia.org/resource/India","NULL","NULL","NULL","NULL","NULL","NULL","773.0","NULL","NULL","NULL","NULL","NULL","NULL","NULL","NULL","NULL","NULL","NULL","NULL","{Karnataka|Tumkur district}","{http://dbpedia.org/resource/Karnataka|http://dbpedia.org/resource/Tumkur_district}","NULL","NULL","NULL","NULL","NULL","NULL","NULL","NULL","NULL","NULL","NULL","NULL","NULL","NULL","NULL","NULL","NULL","NULL","NULL","NULL","NULL","NULL","NULL","NULL","NULL","NULL","30291","NULL","NULL","NULL","572130","NULL","NULL","NULL","NULL","NULL","NULL","NULL","Indian Standard Time","http://dbpedia.org/resource/Indian_Standard_Time","NULL","NULL","NULL","NULL","NULL","NULL","+5:30","13.02 77.03","{city|place|populated place|municipality|City|Place|_Feature|owl#Thing}","{http://dbpedia.org/ontology/City|http://dbpedia.org/ontology/Place|http://dbpedia.org/ontology/PopulatedPlace|http://dbpedia.org/ontology/Settlement|http://schema.org/City|http://schema.org/Place|http://www.opengis.net/gml/_Feature|http://www.w3.org/2002/07/owl#Thing}","13.02","77.03","NULL","NULL","NULL","NULL","Kunigal","NULL"
"http://dbpedia.org/resource/Kurgunta","Kurgunta","Kurgunta is a census town in Gulbarga district in the Indian state of Karnataka.","NULL","NULL","NULL","NULL","NULL","NULL","NULL","NULL","NULL","NULL","NULL","NULL","NULL","NULL","NULL","India","http://dbpedia.org/resource/India","NULL","NULL","NULL","NULL","NULL","NULL","418.0","NULL","NULL","NULL","NULL","NULL","NULL","NULL","NULL","NULL","NULL","NULL","NULL","{Gulbarga district|Karnataka}","{http://dbpedia.org/resource/Gulbarga_district|http://dbpedia.org/resource/Karnataka}","NULL","NULL","NULL","NULL","NULL","NULL","NULL","NULL","NULL","NULL","NULL","NULL","NULL","NULL","NULL","NULL","NULL","NULL","NULL","NULL","NULL","NULL","NULL","NULL","NULL","NULL","8584","NULL","NULL","NULL","NULL","NULL","NULL","NULL","NULL","NULL","NULL","NULL","Indian Standard Time","http://dbpedia.org/resource/Indian_Standard_Time","NULL","NULL","NULL","NULL","NULL","NULL","+5:30","17.2 77.35","{city|place|populated place|municipality|City|Place|_Feature|owl#Thing}","{http://dbpedia.org/ontology/City|http://dbpedia.org/ontology/Place|http://dbpedia.org/ontology/PopulatedPlace|http://dbpedia.org/ontology/Settlement|http://schema.org/City|http://schema.org/Place|http://www.opengis.net/gml/_Feature|http://www.w3.org/2002/07/owl#Thing}","17.2","77.35","NULL","NULL","NULL","NULL","Kurgunta","NULL"
"http://dbpedia.org/resource/Athens,_Alabama","Athens Alabama","Athens is a city in Limestone County Alabama United States. As of the 2010 census the population of the city is 21897. The city is the county seat of Limestone County and is included in the Huntsville-Decatur Combined Statistical Area.","NULL","NULL","NULL","NULL","1.0","256 938","{1.01787e+08|1.019e+08}","NULL","NULL","{1.02046e+08|1.021e+08}","NULL","{200000.0|258999.0}","NULL","NULL","NULL","United States","http://dbpedia.org/resource/United_States","NULL","NULL","NULL","NULL","NULL","NULL","{243.1|243.23}","NULL","NULL","1818-11-19","NULL","NULL","NULL","NULL","NULL","NULL","NULL","NULL","NULL","{Alabama|Limestone County Alabama}","{http://dbpedia.org/resource/Alabama|http://dbpedia.org/resource/Limestone_County,_Alabama}","NULL","NULL","NULL","NULL","NULL","NULL","NULL","NULL","{City Council|Mayor}","NULL","NULL","NULL","NULL","NULL","NULL","NULL","NULL","NULL","NULL","NULL","NULL","NULL","NULL","NULL","NULL","NULL","21897","NULL","NULL","NULL","35611-35614-35613","NULL","NULL","NULL","NULL","NULL","200px-Limestone_County_Courthouse_Athens_Alabama_01.jpg","http://upload.wikimedia.org/wikipedia/commons/thumb/5/5a/Limestone_County_Courthouse,_Athens,_Alabama_01.jpg/200px-Limestone_County_Courthouse,_Athens,_Alabama_01.jpg","Central Time Zone (North America)","http://dbpedia.org/resource/Central_Time_Zone_(North_America)","NULL","NULL","NULL","NULL","City","http://dbpedia.org/resource/City","{-5|-6}","34.789722222222224 -86.96944444444445","{city|place|populated place|municipality|City|Place|_Feature|owl#Thing}","{http://dbpedia.org/ontology/City|http://dbpedia.org/ontology/Place|http://dbpedia.org/ontology/PopulatedPlace|http://dbpedia.org/ontology/Settlement|http://schema.org/City|http://schema.org/Place|http://www.opengis.net/gml/_Feature|http://www.w3.org/2002/07/owl#Thing}","34.7897","-86.9694","Limestone_County_Courthouse_Athens_Alabama_01.jpg","http://upload.wikimedia.org/wikipedia/commons/5/5a/Limestone_County_Courthouse,_Athens,_Alabama_01.jpg","NULL","NULL","Athens","NULL"
"http://dbpedia.org/resource/Demopolis,_Alabama","Demopolis Alabama","Demopolis is the largest city in Marengo County Alabama United States. The population was 7483 at the time of the 2010 United States Census. The city lies within Webb's Bend at the confluence of the Black Warrior and Tombigbee rivers. It is situated atop a cliff composed of the Demopolis Chalk Formation known locally as White Bluff on the east bank of the Tombigbee River. It is at the center of Alabama's Canebrake region and is also within the Black Belt.","NULL","NULL","NULL","NULL","NULL","334","{3.15979e+07|3.17e+07}","NULL","NULL","{3.21159e+07|3.23e+07}","NULL","{517998.0|600000.0}","NULL","NULL","NULL","NULL","NULL","NULL","NULL","NULL","NULL","NULL","NULL","{36.8808|37.0}","NULL","NULL","NULL","NULL","NULL","NULL","NULL","NULL","NULL","NULL","NULL","NULL","{Alabama|Marengo County Alabama}","{http://dbpedia.org/resource/Alabama|http://dbpedia.org/resource/Marengo_County,_Alabama}","NULL","NULL","NULL","NULL","NULL","NULL","NULL","NULL","NULL","NULL","NULL","NULL","NULL","NULL","NULL","NULL","NULL","NULL","NULL","NULL","NULL","NULL","{233.4|234.789}","NULL","NULL","NULL","7540","NULL","NULL","NULL","36732","NULL","NULL","NULL","NULL","NULL","200px-Demopolis_Alabama_with_river_confluence.jpg","http://upload.wikimedia.org/wikipedia/commons/thumb/5/5e/Demopolis_Alabama_with_river_confluence.jpg/200px-Demopolis_Alabama_with_river_confluence.jpg","Central Time Zone (North America)","http://dbpedia.org/resource/Central_Time_Zone_(North_America)","NULL","NULL","NULL","NULL","NULL","NULL","{-5|-6}","32.50944444444445 -87.83722222222222","{city|place|populated place|municipality|City|Place|_Feature|owl#Thing}","{http://dbpedia.org/ontology/City|http://dbpedia.org/ontology/Place|http://dbpedia.org/ontology/PopulatedPlace|http://dbpedia.org/ontology/Settlement|http://schema.org/City|http://schema.org/Place|http://www.opengis.net/gml/_Feature|http://www.w3.org/2002/07/owl#Thing}","32.5094","-87.8372","Demopolis_Alabama_with_river_confluence.jpg","http://upload.wikimedia.org/wikipedia/commons/5/5e/Demopolis_Alabama_with_river_confluence.jpg","www.demopolisal.gov","http://www.demopolisal.gov","Demopolis","NULL"
"http://dbpedia.org/resource/Chelsea,_Alabama","Chelsea Alabama","Chelsea is a city in Shelby County Alabama United States. Chelsea was incorporated on March 1 1996 with a population of 906. At the 2000 census the population was 2949. According to U.S. Census Bureau the 2010 population for Chelsea was 10183. Chelsea is widely considered the fastest growing city in Shelby County which is the fastest growing county in the state of Alabama.","NULL","NULL","NULL","NULL","NULL","205","{5.51667e+07|5.53e+07}","NULL","NULL","{5.62e+07|5.62027e+07}","NULL","{776996.0|900000.0}","NULL","NULL","NULL","United States","http://dbpedia.org/resource/United_States","NULL","NULL","NULL","NULL","NULL","NULL","{156.0|156.058}","NULL","NULL","NULL","NULL","NULL","NULL","NULL","NULL","NULL","NULL","NULL","NULL","{Alabama|Shelby County Alabama}","{http://dbpedia.org/resource/Alabama|http://dbpedia.org/resource/Shelby_County,_Alabama}","NULL","NULL","NULL","NULL","NULL","NULL","NULL","NULL","NULL","NULL","NULL","NULL","NULL","NULL","NULL","It's all about family","NULL","NULL","NULL","NULL","NULL","NULL","{181.159|1215.3}","NULL","NULL","NULL","10183","NULL","NULL","NULL","35043","NULL","NULL","NULL","NULL","NULL","200px-Chelsea_Alabama.JPG","http://upload.wikimedia.org/wikipedia/commons/thumb/4/49/Chelsea,_Alabama.JPG/200px-Chelsea,_Alabama.JPG","Central Time Zone (North America)","http://dbpedia.org/resource/Central_Time_Zone_(North_America)","NULL","NULL","NULL","NULL","City","http://dbpedia.org/resource/City","{-5|-6}","33.329166666666666 -86.65083333333334","{city|place|populated place|municipality|City|Place|_Feature|owl#Thing}","{http://dbpedia.org/ontology/City|http://dbpedia.org/ontology/Place|http://dbpedia.org/ontology/PopulatedPlace|http://dbpedia.org/ontology/Settlement|http://schema.org/City|http://schema.org/Place|http://www.opengis.net/gml/_Feature|http://www.w3.org/2002/07/owl#Thing}","33.3292","-86.6508","Chelsea_Alabama.JPG","http://upload.wikimedia.org/wikipedia/commons/4/49/Chelsea,_Alabama.JPG","www.cityofchelsea.com","http://www.cityofchelsea.com","Chelsea Alabama","NULL"
"http://dbpedia.org/resource/Pell_City,_Alabama","Pell City Alabama","Pell City is a city in St. Clair County Alabama United States. The city is the county seat of St. Clair County along with Ashville. At the 2000 census the population was 9565. At the 2010 census the city-limit population jumped to 12695.","NULL","NULL","NULL","NULL","NULL","205","{6.36e+07|6.37137e+07}","NULL","NULL","{7.03e+07|7.04477e+07}","NULL","{6.7e+06|6.73397e+06}","NULL","NULL","NULL","United States","http://dbpedia.org/resource/United_States","NULL","NULL","NULL","NULL","NULL","NULL","{181.966|182.0}","NULL","NULL","NULL","NULL","NULL","NULL","NULL","NULL","NULL","NULL","NULL","NULL","{Alabama|St. Clair County Alabama}","{http://dbpedia.org/resource/Alabama|http://dbpedia.org/resource/St._Clair_County,_Alabama}","NULL","NULL","NULL","NULL","NULL","NULL","NULL","NULL","NULL","NULL","NULL","NULL","NULL","NULL","NULL","NULL","NULL","NULL","NULL","NULL","NULL","NULL","{176.912|177.3}","NULL","NULL","NULL","12463","NULL","NULL","NULL","35125 35128 35054","NULL","NULL","NULL","NULL","NULL","200px-St._Clair_County_Alabama_Incorporated_and_Unincorporated_areas_Pell_City_Highlighted.svg.png","http://upload.wikimedia.org/wikipedia/commons/thumb/e/eb/St._Clair_County_Alabama_Incorporated_and_Unincorporated_areas_Pell_City_Highlighted.svg/200px-St._Clair_County_Alabama_Incorporated_and_Unincorporated_areas_Pell_City_Highlighted.svg.png","Central Time Zone (North America)","http://dbpedia.org/resource/Central_Time_Zone_(North_America)","NULL","NULL","NULL","NULL","City","http://dbpedia.org/resource/City","{-5|-6}","33.57083333333333 -86.27388888888889","{city|place|populated place|municipality|City|Place|_Feature|owl#Thing}","{http://dbpedia.org/ontology/City|http://dbpedia.org/ontology/Place|http://dbpedia.org/ontology/PopulatedPlace|http://dbpedia.org/ontology/Settlement|http://schema.org/City|http://schema.org/Place|http://www.opengis.net/gml/_Feature|http://www.w3.org/2002/07/owl#Thing}","33.5708","-86.2739","St._Clair_County_Alabama_Incorporated_and_Unincorporated_areas_Pell_City_Highlighted.svg","http://upload.wikimedia.org/wikipedia/commons/e/eb/St._Clair_County_Alabama_Incorporated_and_Unincorporated_areas_Pell_City_Highlighted.svg","","http://www.epell.net/","Pell City Alabama","NULL"
"http://dbpedia.org/resource/Northport,_Alabama","Northport Alabama","Northport is a city in Tuscaloosa County in the west central part of the U.S. state of Alabama. Located on the Black Warrior River across from downtown Tuscaloosa it is currently the 24th largest city in Alabama with an estimated population of 23442 in 2009. It is part of the Tuscaloosa Metropolitan Statistical Area.","NULL","NULL","NULL","NULL","NULL","205","{3.78138e+07|3.79e+07}","NULL","NULL","{3.83318e+07|3.85e+07}","NULL","{517998.0|600000.0}","NULL","NULL","NULL","United States","http://dbpedia.org/resource/United_States","NULL","NULL","NULL","NULL","NULL","NULL","{67.0|67.056}","NULL","NULL","NULL","NULL","NULL","NULL","NULL","NULL","NULL","NULL","NULL","NULL","{Alabama|Tuscaloosa County Alabama}","{http://dbpedia.org/resource/Alabama|http://dbpedia.org/resource/Tuscaloosa_County,_Alabama}","NULL","NULL","NULL","NULL","NULL","NULL","NULL","NULL","Mayor","NULL","NULL","NULL","NULL","NULL","NULL","NULL","NULL","NULL","NULL","NULL","NULL","NULL","{504.8|507.029}","210839","NULL","NULL","23442","NULL","NULL","NULL","35473 35475 35476","NULL","NULL","NULL","NULL","NULL","200px-Downtown-Northport-Alabama.jpg","http://upload.wikimedia.org/wikipedia/commons/thumb/a/ab/Downtown-Northport-Alabama.jpg/200px-Downtown-Northport-Alabama.jpg","Central Time Zone (North America)","http://dbpedia.org/resource/Central_Time_Zone_(North_America)","NULL","NULL","NULL","NULL","City","http://dbpedia.org/resource/City","{-5|-6}","33.25388888888889 -87.59222222222222","{city|place|populated place|municipality|City|Place|_Feature|owl#Thing}","{http://dbpedia.org/ontology/City|http://dbpedia.org/ontology/Place|http://dbpedia.org/ontology/PopulatedPlace|http://dbpedia.org/ontology/Settlement|http://schema.org/City|http://schema.org/Place|http://www.opengis.net/gml/_Feature|http://www.w3.org/2002/07/owl#Thing}","33.2539","-87.5922","Downtown-Northport-Alabama.jpg","http://upload.wikimedia.org/wikipedia/commons/a/ab/Downtown-Northport-Alabama.jpg","","http://www.cityofnorthport.org/","City of Northport","NULL"
"http://dbpedia.org/resource/Sand_Point,_Alaska","Sand Point Alaska","Sand Point also known as Qagun Tayagungin is a city in Aleutians East Borough Alaska United States. At the 2010 census the population was 976. It is located on northwestern Popof Island one of the Shumagin Islands off the Alaska Peninsula. It is the borough seat of Aleutians East Borough and is located near the entrance to the Bering Sea.","NULL","NULL","NULL","NULL","NULL","907","{2.02e+07|2.02019e+07}","NULL","NULL","{7.48507e+07|7.5e+07}","NULL","{5.46487e+07|5.48e+07}","NULL","NULL","NULL","NULL","NULL","NULL","NULL","NULL","NULL","NULL","NULL","{11.8872|12.0}","NULL","NULL","NULL","NULL","NULL","NULL","NULL","NULL","NULL","NULL","Mayor","http://dbpedia.org/resource/Mayor","{Alaska|Aleutians East Borough Alaska}","{http://dbpedia.org/resource/Alaska|http://dbpedia.org/resource/Aleutians_East_Borough,_Alaska}","NULL","NULL","NULL","NULL","NULL","NULL","NULL","NULL","Mayor","NULL","NULL","NULL","NULL","NULL","NULL","NULL","NULL","NULL","NULL","NULL","NULL","NULL","{47.1|47.1431}","NULL","NULL","NULL","976","NULL","NULL","NULL","99661","NULL","NULL","NULL","NULL","NULL","200px-SDP_Aerial_2.jpg","http://upload.wikimedia.org/wikipedia/commons/thumb/0/01/SDP_Aerial_2.jpg/200px-SDP_Aerial_2.jpg","Alaska Time Zone","http://dbpedia.org/resource/Alaska_Time_Zone","NULL","NULL","NULL","NULL","Alaska","http://dbpedia.org/resource/Alaska","{-8|-9}","55.336666666666666 -160.49333333333334","{city|place|populated place|municipality|City|Place|_Feature|owl#Thing}","{http://dbpedia.org/ontology/City|http://dbpedia.org/ontology/Place|http://dbpedia.org/ontology/PopulatedPlace|http://dbpedia.org/ontology/Settlement|http://schema.org/City|http://schema.org/Place|http://www.opengis.net/gml/_Feature|http://www.w3.org/2002/07/owl#Thing}","55.3367","-160.493","SDP_Aerial_2.jpg","http://upload.wikimedia.org/wikipedia/commons/0/01/SDP_Aerial_2.jpg","","http://www.ci.sandpoint.ak.us/","Sand Point","NULL"
"http://dbpedia.org/resource/Unalaska,_Alaska","Unalaska Alaska","Unalaska is a city in the Aleutians West Census Area of the Unorganized Borough of the U.S. state of Alaska. Unalaska is located on Unalaska Island and neighboring Amaknak Island in the Aleutian Islands off mainland Alaska. The population was 4376 at the 2010 census which is 79% of the entire Aleutians West Census Area. Almost all of the community's port facilities are on Amaknak Island better known as Dutch Harbor or just Dutch. It is the largest fisheries port in the U.S.","NULL","NULL","NULL","NULL","NULL","907","{2.87489e+08|2.875e+08}","NULL","NULL","{5.49854e+08|5.499e+08}","NULL","{2.62366e+08|2.624e+08}","NULL","NULL","NULL","United States","http://dbpedia.org/resource/United_States","NULL","NULL","NULL","NULL","NULL","NULL","{3.9624|4.0}","NULL","NULL","NULL","NULL","NULL","NULL","NULL","NULL","NULL","NULL","NULL","NULL","{Alaska|Aleutians West Census Area Alaska}","{http://dbpedia.org/resource/Alaska|http://dbpedia.org/resource/Aleutians_West_Census_Area,_Alaska}","NULL","NULL","NULL","NULL","NULL","NULL","NULL","NULL","Mayor","NULL","NULL","NULL","NULL","NULL","NULL","NULL","NULL","NULL","NULL","NULL","NULL","NULL","NULL","NULL","NULL","NULL","4376","NULL","NULL","NULL","99685","NULL","NULL","NULL","NULL","NULL","200px-UnalaskaAlaska.jpg","http://upload.wikimedia.org/wikipedia/commons/thumb/2/2e/UnalaskaAlaska.jpg/200px-UnalaskaAlaska.jpg","Alaska Time Zone","http://dbpedia.org/resource/Alaska_Time_Zone","NULL","NULL","NULL","NULL","Alaska","http://dbpedia.org/resource/Alaska","{-8|-9}","53.888888888888886 -166.52722222222224","{city|place|populated place|municipality|City|Place|_Feature|owl#Thing}","{http://dbpedia.org/ontology/City|http://dbpedia.org/ontology/Place|http://dbpedia.org/ontology/PopulatedPlace|http://dbpedia.org/ontology/Settlement|http://schema.org/City|http://schema.org/Place|http://www.opengis.net/gml/_Feature|http://www.w3.org/2002/07/owl#Thing}","53.8889","-166.527","UnalaskaAlaska.jpg","http://upload.wikimedia.org/wikipedia/commons/2/2e/UnalaskaAlaska.jpg","NULL","NULL","Unalaska Alaska","NULL"
"http://dbpedia.org/resource/Menlo_Park,_California","Menlo Park California","Menlo Park is an affluent town at the eastern edge of San Mateo County in the San Francisco Bay Area of California in the United States. It is bordered by San Francisco Bay on the north and east; East Palo Alto Palo Alto and Stanford to the south; Atherton North Fair Oaks and Redwood City to the west. Menlo Park is one of the most educated cities in the state of California and the United States with nearly 70% of its residents having earned an advanced degree.","NULL","NULL","NULL","NULL","NULL","650","{2.5355e+07|2.5356e+07}","NULL","NULL","{4.51046e+07|4.5105e+07}","NULL","{1.97487e+07|1.975e+07}","NULL","NULL","NULL","United States","http://dbpedia.org/resource/United_States","NULL","NULL","NULL","NULL","NULL","NULL","{21.9456|22.0}","NULL","NULL","1874-03-23","NULL","NULL","NULL","NULL","NULL","NULL","NULL","NULL","NULL","{California|San Mateo County California}","{http://dbpedia.org/resource/California|http://dbpedia.org/resource/San_Mateo_County,_California}","NULL","NULL","NULL","NULL","NULL","NULL","NULL","NULL","Mayor","NULL","NULL","NULL","NULL","NULL","NULL","NULL","NULL","NULL","NULL","NULL","43.79","NULL","NULL","NULL","NULL","NULL","32026","NULL","NULL","NULL","94025-94029","NULL","NULL","NULL","NULL","NULL","200px-Downtown_Menlo_Park_California.jpg","http://upload.wikimedia.org/wikipedia/commons/thumb/9/9f/Downtown_Menlo_Park_California.jpg/200px-Downtown_Menlo_Park_California.jpg","Pacific Time Zone","http://dbpedia.org/resource/Pacific_Time_Zone","NULL","NULL","NULL","NULL","City","http://dbpedia.org/resource/City","{-7|-8}","37.454166666666666 -122.17861111111111","{city|place|populated place|municipality|City|Place|_Feature|owl#Thing}","{http://dbpedia.org/ontology/City|http://dbpedia.org/ontology/Place|http://dbpedia.org/ontology/PopulatedPlace|http://dbpedia.org/ontology/Settlement|http://schema.org/City|http://schema.org/Place|http://www.opengis.net/gml/_Feature|http://www.w3.org/2002/07/owl#Thing}","37.4542","-122.179","Downtown_Menlo_Park_California.jpg","http://upload.wikimedia.org/wikipedia/commons/9/9f/Downtown_Menlo_Park_California.jpg","","http://www.menlopark.org/","City of Menlo Park","NULL"
"http://dbpedia.org/resource/Nightmute,_Alaska","Nightmute Alaska","Nightmute is a city and village in Bethel Census Area Alaska United States. The population was 208 at the 2000 census and 280 as of the 2010 census.","NULL","NULL","NULL","NULL","NULL","907","{2.512e+08|2.51229e+08}","NULL","NULL","{2.62884e+08|2.63e+08}","NULL","{1.18e+07|1.19139e+07}","NULL","NULL","NULL","NULL","NULL","NULL","NULL","NULL","NULL","NULL","NULL","{22.86|23.0}","NULL","NULL","NULL","NULL","NULL","NULL","NULL","NULL","NULL","NULL","NULL","NULL","{Alaska|Bethel Census Area Alaska}","{http://dbpedia.org/resource/Alaska|http://dbpedia.org/resource/Bethel_Census_Area,_Alaska}","NULL","NULL","NULL","NULL","NULL","NULL","NULL","NULL","NULL","NULL","NULL","NULL","NULL","NULL","NULL","NULL","NULL","NULL","NULL","NULL","NULL","NULL","NULL","NULL","NULL","NULL","280","NULL","NULL","NULL","99690","NULL","NULL","NULL","NULL","NULL","NULL","NULL","Alaska Time Zone","http://dbpedia.org/resource/Alaska_Time_Zone","NULL","NULL","NULL","NULL","Alaska","http://dbpedia.org/resource/Alaska","{-8|-9}","60.49138888888889 -164.82611111111112","{city|place|populated place|municipality|City|Place|_Feature|owl#Thing}","{http://dbpedia.org/ontology/City|http://dbpedia.org/ontology/Place|http://dbpedia.org/ontology/PopulatedPlace|http://dbpedia.org/ontology/Settlement|http://schema.org/City|http://schema.org/Place|http://www.opengis.net/gml/_Feature|http://www.w3.org/2002/07/owl#Thing}","60.4914","-164.826","NULL","NULL","NULL","NULL","{Negtemiut|Nightmute}","NULL"
"http://dbpedia.org/resource/Fairbanks,_Alaska","Fairbanks Alaska","Fairbanks is a home rule city in and the borough seat of the Fairbanks North Star Borough in the U.S. state of Alaska. Fairbanks also lies outside of the Arctic Circle. Fairbanks is the largest city in the Interior region of Alaska and second largest in the state far behind Anchorage.","NULL","NULL","NULL","NULL","1.0","907","{8.25e+07|8.26206e+07}","NULL","NULL","{8.46e+07|8.46926e+07}","NULL","{2.07199e+06|2.1e+06}","NULL","NULL","NULL","United States","http://dbpedia.org/resource/United_States","NULL","NULL","NULL","NULL","NULL","NULL","{135.941|136.0}","NULL","NULL","NULL","NULL","NULL","NULL","NULL","NULL","NULL","NULL","Home Rule in the United States","http://dbpedia.org/resource/Home_Rule_in_the_United_States","{Alaska|Fairbanks North Star Borough Alaska}","{http://dbpedia.org/resource/Alaska|http://dbpedia.org/resource/Fairbanks_North_Star_Borough,_Alaska}","NULL","NULL","NULL","NULL","NULL","NULL","NULL","NULL","Mayor","NULL","NULL","NULL","NULL","NULL","NULL","The Golden Heart City","NULL","NULL","NULL","NULL","NULL","NULL","{379.114|379.7}","97581","NULL","NULL","31535","NULL","51926","NULL","99701 99702 99703 99705 99706 99707 99708 99709 99710 99711  99712 99714 99716 99767 99775-(UAF) 99790","NULL","NULL","NULL","NULL","NULL","200px-Fairbanks05.jpg","http://upload.wikimedia.org/wikipedia/commons/thumb/e/e9/Fairbanks05.jpg/200px-Fairbanks05.jpg","Alaska Time Zone","http://dbpedia.org/resource/Alaska_Time_Zone","NULL","NULL","NULL","NULL","Alaska","http://dbpedia.org/resource/Alaska","{-8|-9}","64.84361111111112 -147.72305555555556","{city|place|populated place|municipality|City|Place|_Feature|owl#Thing}","{http://dbpedia.org/ontology/City|http://dbpedia.org/ontology/Place|http://dbpedia.org/ontology/PopulatedPlace|http://dbpedia.org/ontology/Settlement|http://schema.org/City|http://schema.org/Place|http://www.opengis.net/gml/_Feature|http://www.w3.org/2002/07/owl#Thing}","64.8436","-147.723","Fairbanks05.jpg","http://upload.wikimedia.org/wikipedia/commons/e/e9/Fairbanks05.jpg","NULL","NULL","Fairbanks Alaska","NULL"
"http://dbpedia.org/resource/Homer,_Alaska","Homer Alaska","Homer is a city located in Kenai Peninsula Borough in the U.S. state of Alaska. According to the 2010 Census the population is 5003. One of Homer's nicknames is the cosmic hamlet by the sea; another is the end of the road.","NULL","NULL","NULL","NULL","NULL","907","3.58195e+07","NULL","NULL","6.94376e+07","NULL","3.3618e+07","NULL","NULL","NULL","United States","http://dbpedia.org/resource/United_States","NULL","NULL","NULL","NULL","NULL","NULL","{28.956|29.0}","NULL","NULL","NULL","NULL","NULL","NULL","NULL","NULL","NULL","NULL","NULL","NULL","{Alaska|Kenai Peninsula Borough Alaska}","{http://dbpedia.org/resource/Alaska|http://dbpedia.org/resource/Kenai_Peninsula_Borough,_Alaska}","NULL","NULL","NULL","NULL","NULL","NULL","NULL","NULL","Mayor","NULL","NULL","NULL","NULL","NULL","NULL","Where the land ends and the sea begins","NULL","NULL","NULL","NULL","NULL","NULL","NULL","NULL","NULL","NULL","5003","NULL","NULL","NULL","99603","NULL","NULL","NULL","NULL","NULL","200px-Homerfromslough.JPG","http://upload.wikimedia.org/wikipedia/commons/thumb/8/88/Homerfromslough.JPG/200px-Homerfromslough.JPG","Alaska Time Zone","http://dbpedia.org/resource/Alaska_Time_Zone","NULL","NULL","NULL","NULL","Alaska","http://dbpedia.org/resource/Alaska","{-8|-9}","59.643055555555556 -151.52583333333334","{city|place|populated place|municipality|City|Place|_Feature|owl#Thing}","{http://dbpedia.org/ontology/City|http://dbpedia.org/ontology/Place|http://dbpedia.org/ontology/PopulatedPlace|http://dbpedia.org/ontology/Settlement|http://schema.org/City|http://schema.org/Place|http://www.opengis.net/gml/_Feature|http://www.w3.org/2002/07/owl#Thing}","59.6431","-151.526","Homerfromslough.JPG","http://upload.wikimedia.org/wikipedia/commons/8/88/Homerfromslough.JPG","","http://www.ci.homer.ak.us/","Homer","NULL"
"http://dbpedia.org/resource/Ketchikan,_Alaska","Ketchikan Alaska","Ketchikan is a city in Ketchikan Gateway Borough Alaska United States the southeasternmost city in Alaska. With a population at the 2010 census of 8050 within the city limits it is the fifth-most populous city in the state. Ketchikan's economy is based upon tourism and fishing and the city is known as the Salmon Capital of the World.  The Misty Fjords National Monument is one of the area's major attractions.","NULL","NULL","NULL","NULL","NULL","907","1.13e+07","NULL","NULL","1.53e+07","NULL","4e+06","NULL","NULL","NULL","NULL","NULL","NULL","NULL","NULL","NULL","NULL","NULL","0.0","NULL","NULL","NULL","NULL","NULL","NULL","NULL","NULL","NULL","NULL","NULL","NULL","{Alaska|Ketchikan Gateway Borough Alaska}","{http://dbpedia.org/resource/Alaska|http://dbpedia.org/resource/Ketchikan_Gateway_Borough,_Alaska}","NULL","NULL","NULL","NULL","City council","http://dbpedia.org/resource/City_council","NULL","NULL","{Governing body|Mayor}","NULL","NULL","NULL","NULL","NULL","NULL","NULL","NULL","NULL","NULL","NULL","NULL","NULL","714.1","NULL","NULL","NULL","8050","NULL","NULL","NULL","99901 99928","NULL","NULL","NULL","NULL","NULL","200px-Downtown_Ketchikan_Alaska.jpg","http://upload.wikimedia.org/wikipedia/commons/thumb/c/c9/Downtown_Ketchikan_Alaska.jpg/200px-Downtown_Ketchikan_Alaska.jpg","Alaska Time Zone","http://dbpedia.org/resource/Alaska_Time_Zone","NULL","NULL","NULL","NULL","Alaska","http://dbpedia.org/resource/Alaska","{-8|-9}","55.35 -131.67333333333335","{city|place|populated place|municipality|City|Place|_Feature|owl#Thing}","{http://dbpedia.org/ontology/City|http://dbpedia.org/ontology/Place|http://dbpedia.org/ontology/PopulatedPlace|http://dbpedia.org/ontology/Settlement|http://schema.org/City|http://schema.org/Place|http://www.opengis.net/gml/_Feature|http://www.w3.org/2002/07/owl#Thing}","55.35","-131.673","Downtown_Ketchikan_Alaska.jpg","http://upload.wikimedia.org/wikipedia/commons/c/c9/Downtown_Ketchikan_Alaska.jpg","NULL","NULL","Ketchikan Alaska","Salmon Capital of the World Rain Capital of Alaska Alaska's First City"
"http://dbpedia.org/resource/Old_Harbor,_Alaska","Old Harbor Alaska","Old Harbor (Nuniaq in Alutiiq) is a city in Kodiak Island Borough Alaska United States. At the 2010 census the population was 218.","NULL","NULL","NULL","NULL","NULL","907","5.32e+07","NULL","NULL","6.87e+07","NULL","1.55e+07","NULL","NULL","NULL","NULL","NULL","NULL","NULL","NULL","NULL","NULL","NULL","{0.9144|1.0}","NULL","NULL","NULL","NULL","NULL","NULL","NULL","NULL","NULL","NULL","NULL","NULL","{Alaska|Kodiak Island Borough Alaska}","{http://dbpedia.org/resource/Alaska|http://dbpedia.org/resource/Kodiak_Island_Borough,_Alaska}","NULL","NULL","NULL","NULL","NULL","NULL","NULL","NULL","NULL","NULL","NULL","NULL","NULL","NULL","NULL","NULL","NULL","NULL","NULL","NULL","NULL","NULL","4.1","NULL","NULL","NULL","218","NULL","NULL","NULL","99643","NULL","NULL","NULL","NULL","NULL","200px-Old_Harbor_Alaska_aerial_view.jpg","http://upload.wikimedia.org/wikipedia/commons/thumb/1/17/Old_Harbor_Alaska_aerial_view.jpg/200px-Old_Harbor_Alaska_aerial_view.jpg","Alaska Time Zone","http://dbpedia.org/resource/Alaska_Time_Zone","NULL","NULL","NULL","NULL","Alaska","http://dbpedia.org/resource/Alaska","{-8|-9}","57.19722222222222 -153.30777777777777","{city|place|populated place|municipality|City|Place|_Feature|owl#Thing}","{http://dbpedia.org/ontology/City|http://dbpedia.org/ontology/Place|http://dbpedia.org/ontology/PopulatedPlace|http://dbpedia.org/ontology/Settlement|http://schema.org/City|http://schema.org/Place|http://www.opengis.net/gml/_Feature|http://www.w3.org/2002/07/owl#Thing}","57.1972","-153.308","Old_Harbor_Alaska_aerial_view.jpg","http://upload.wikimedia.org/wikipedia/commons/1/17/Old_Harbor_Alaska_aerial_view.jpg","NULL","NULL","{Nuniaq|Old Harbor}","NULL"
"http://dbpedia.org/resource/Rainier,_Washington","Rainier Washington","Rainier is a city in Thurston County Washington United States. Beginning as a train stop in the 1870s Rainier was first settled in 1890 and was officially incorporated in 1947. The population was 1794 at the 2010 census.","NULL","NULL","NULL","NULL","NULL","360","{4.48e+06|4.48068e+06}","NULL","NULL","{4.48e+06|4.48068e+06}","NULL","0.0","NULL","NULL","NULL","United States","http://dbpedia.org/resource/United_States","NULL","NULL","NULL","NULL","NULL","NULL","{131.978|132.0}","NULL","NULL","NULL","NULL","NULL","NULL","NULL","NULL","NULL","NULL","NULL","NULL","{Thurston County Washington|Washington (state)}","{http://dbpedia.org/resource/Thurston_County,_Washington|http://dbpedia.org/resource/Washington_(state)}","NULL","NULL","NULL","NULL","NULL","NULL","NULL","NULL","Mayor","NULL","NULL","NULL","NULL","NULL","NULL","NULL","NULL","NULL","NULL","NULL","NULL","NULL","{400.388|400.4}","NULL","NULL","NULL","1794","NULL","NULL","NULL","98576","NULL","NULL","NULL","NULL","NULL","200px-Thurston_County_Washington_Incorporated_and_Unincorporated_areas_Rainier_Highlighted.svg.png","http://upload.wikimedia.org/wikipedia/commons/thumb/4/41/Thurston_County_Washington_Incorporated_and_Unincorporated_areas_Rainier_Highlighted.svg/200px-Thurston_County_Washington_Incorporated_and_Unincorporated_areas_Rainier_Highlighted.svg.png","Pacific Time Zone","http://dbpedia.org/resource/Pacific_Time_Zone","NULL","NULL","NULL","NULL","City government in Washington (state)","http://dbpedia.org/resource/City_government_in_Washington_(state)","{-7|-8}","46.89083333333333 -122.68972222222222","{city|place|populated place|municipality|City|Place|_Feature|owl#Thing}","{http://dbpedia.org/ontology/City|http://dbpedia.org/ontology/Place|http://dbpedia.org/ontology/PopulatedPlace|http://dbpedia.org/ontology/Settlement|http://schema.org/City|http://schema.org/Place|http://www.opengis.net/gml/_Feature|http://www.w3.org/2002/07/owl#Thing}","46.8908","-122.69","Thurston_County_Washington_Incorporated_and_Unincorporated_areas_Rainier_Highlighted.svg","http://upload.wikimedia.org/wikipedia/commons/4/41/Thurston_County_Washington_Incorporated_and_Unincorporated_areas_Rainier_Highlighted.svg","NULL","NULL","Rainier Washington","NULL"
"http://dbpedia.org/resource/Blaine,_Washington","Blaine Washington","Blaine is a city in Whatcom County Washington United States. The city's northern boundary is the Canadian border. Blaine is the shared home of the Peace Arch international monument. The population was 4684 at the 2010 census.","NULL","NULL","NULL","NULL","NULL","360","{1.458e+07|1.45816e+07}","NULL","NULL","{2.183e+07|2.18336e+07}","NULL","{7.25e+06|7.25197e+06}","NULL","NULL","NULL","United States","http://dbpedia.org/resource/United_States","NULL","NULL","NULL","NULL","NULL","NULL","{16.0|16.1544}","NULL","NULL","1890-05-20","NULL","NULL","NULL","NULL","NULL","NULL","NULL","NULL","NULL","{Washington (state)|Whatcom County Washington}","{http://dbpedia.org/resource/Washington_(state)|http://dbpedia.org/resource/Whatcom_County,_Washington}","NULL","NULL","NULL","NULL","NULL","NULL","NULL","NULL","Mayor","NULL","NULL","NULL","NULL","NULL","NULL","Blaine is Where America Begins","NULL","NULL","NULL","NULL","NULL","NULL","{321.2|321.237}","NULL","NULL","NULL","4684","NULL","NULL","NULL","98230 (home delivery) and 98231 (post office boxes)","NULL","NULL","NULL","NULL","NULL","200px-BlaneCitySeal.png","http://upload.wikimedia.org/wikipedia/commons/thumb/2/26/BlaneCitySeal.png/200px-BlaneCitySeal.png","Pacific Time Zone","http://dbpedia.org/resource/Pacific_Time_Zone","NULL","NULL","NULL","NULL","City government in Washington (state)","http://dbpedia.org/resource/City_government_in_Washington_(state)","{-7|-8}","48.988055555555555 -122.74361111111111","{city|place|populated place|municipality|City|Place|_Feature|owl#Thing}","{http://dbpedia.org/ontology/City|http://dbpedia.org/ontology/Place|http://dbpedia.org/ontology/PopulatedPlace|http://dbpedia.org/ontology/Settlement|http://schema.org/City|http://schema.org/Place|http://www.opengis.net/gml/_Feature|http://www.w3.org/2002/07/owl#Thing}","48.9881","-122.744","BlaneCitySeal.png","http://upload.wikimedia.org/wikipedia/commons/2/26/BlaneCitySeal.png","","http://www.cityofblaine.com/","City of Blaine","The Peace Arch City"
"http://dbpedia.org/resource/Ferndale,_Washington","Ferndale Washington","Ferndale is a city in Whatcom County Washington United States. The population was 11415 at the 2010 census.","NULL","NULL","NULL","NULL","NULL","360","{1.71198e+07|1.712e+07}","NULL","NULL","{1.7327e+07|1.733e+07}","NULL","{207199.0|210000.0}","NULL","NULL","NULL","NULL","NULL","NULL","NULL","NULL","NULL","NULL","NULL","{10.9728|11.0}","NULL","NULL","NULL","NULL","NULL","NULL","NULL","NULL","NULL","NULL","NULL","NULL","{Washington (state)|Whatcom County Washington}","{http://dbpedia.org/resource/Washington_(state)|http://dbpedia.org/resource/Whatcom_County,_Washington}","NULL","NULL","NULL","NULL","NULL","NULL","NULL","NULL","{City Council|Mayor}","NULL","NULL","NULL","NULL","NULL","NULL","NULL","NULL","NULL","NULL","NULL","NULL","NULL","{666.76|666.8}","NULL","NULL","NULL","11415","NULL","NULL","NULL","98248","NULL","NULL","NULL","NULL","NULL","200px-FerndaleMainSt.JPG","http://upload.wikimedia.org/wikipedia/commons/thumb/a/a2/FerndaleMainSt.JPG/200px-FerndaleMainSt.JPG","Pacific Time Zone","http://dbpedia.org/resource/Pacific_Time_Zone","NULL","NULL","NULL","NULL","City government in Washington (state)","http://dbpedia.org/resource/City_government_in_Washington_(state)","{-7|-8}","48.84888888888889 -122.59027777777777","{city|place|populated place|municipality|City|Place|_Feature|owl#Thing}","{http://dbpedia.org/ontology/City|http://dbpedia.org/ontology/Place|http://dbpedia.org/ontology/PopulatedPlace|http://dbpedia.org/ontology/Settlement|http://schema.org/City|http://schema.org/Place|http://www.opengis.net/gml/_Feature|http://www.w3.org/2002/07/owl#Thing}","48.8489","-122.59","FerndaleMainSt.JPG","http://upload.wikimedia.org/wikipedia/commons/a/a2/FerndaleMainSt.JPG","","http://www.ci.ferndale.wa.us/","Ferndale Washington","NULL"
"http://dbpedia.org/resource/Mabton,_Washington","Mabton Washington","Mabton is a city in Yakima County Washington United States. The population was 2286 at the 2010 census. Incorporated during the first few years of the 20th century it is located at the eastern edge of the Yakama Indian Reservation.","NULL","NULL","NULL","NULL","NULL","509","{2.07e+06|2.07199e+06}","NULL","NULL","{2.07e+06|2.07199e+06}","NULL","0.0","NULL","NULL","NULL","NULL","NULL","NULL","NULL","NULL","NULL","NULL","NULL","{217.932|218.0}","NULL","NULL","NULL","NULL","NULL","NULL","NULL","NULL","NULL","NULL","NULL","NULL","{Washington (state)|Yakima County Washington}","{http://dbpedia.org/resource/Washington_(state)|http://dbpedia.org/resource/Yakima_County,_Washington}","NULL","NULL","NULL","NULL","NULL","NULL","NULL","NULL","NULL","NULL","NULL","NULL","NULL","NULL","NULL","NULL","NULL","NULL","NULL","NULL","NULL","NULL","{1103.29|1103.3}","NULL","NULL","NULL","2286","NULL","NULL","NULL","98935","NULL","NULL","NULL","NULL","NULL","200px-Yakima_County_Washington_Incorporated_and_Unincorporated_areas_Mabton_Highlighted.svg.png","http://upload.wikimedia.org/wikipedia/commons/thumb/7/73/Yakima_County_Washington_Incorporated_and_Unincorporated_areas_Mabton_Highlighted.svg/200px-Yakima_County_Washington_Incorporated_and_Unincorporated_areas_Mabton_Highlighted.svg.png","Pacific Time Zone","http://dbpedia.org/resource/Pacific_Time_Zone","NULL","NULL","NULL","NULL","City government in Washington (state)","http://dbpedia.org/resource/City_government_in_Washington_(state)","{-7|-8}","46.211666666666666 -119.99638888888889","{city|place|populated place|municipality|City|Place|_Feature|owl#Thing}","{http://dbpedia.org/ontology/City|http://dbpedia.org/ontology/Place|http://dbpedia.org/ontology/PopulatedPlace|http://dbpedia.org/ontology/Settlement|http://schema.org/City|http://schema.org/Place|http://www.opengis.net/gml/_Feature|http://www.w3.org/2002/07/owl#Thing}","46.2117","-119.996","Yakima_County_Washington_Incorporated_and_Unincorporated_areas_Mabton_Highlighted.svg","http://upload.wikimedia.org/wikipedia/commons/7/73/Yakima_County_Washington_Incorporated_and_Unincorporated_areas_Mabton_Highlighted.svg","NULL","NULL","Mabton Washington","NULL"
"http://dbpedia.org/resource/Zillah,_Washington","Zillah Washington","Zillah is a city in Yakima County Washington United States with a population of 3035 as of March 18 2013. Tourist attractions include the Teapot Dome Service Station the fortuitously named Church of God Zillah and the local wineries.","NULL","NULL","NULL","NULL","NULL","509","{4.61e+06|4.61018e+06}","NULL","NULL","{4.61e+06|4.61018e+06}","NULL","0.0","NULL","NULL","NULL","United States","http://dbpedia.org/resource/United_States","NULL","NULL","NULL","NULL","NULL","NULL","{249.936|250.0}","NULL","NULL","1911-01-05","NULL","NULL","NULL","NULL","NULL","NULL","NULL","NULL","NULL","{Washington (state)|Yakima County Washington}","{http://dbpedia.org/resource/Washington_(state)|http://dbpedia.org/resource/Yakima_County,_Washington}","NULL","NULL","NULL","NULL","NULL","NULL","NULL","NULL","NULL","NULL","NULL","NULL","NULL","NULL","NULL","NULL","NULL","NULL","NULL","NULL","NULL","NULL","{642.9|642.937}","NULL","NULL","NULL","2964","NULL","NULL","NULL","98953","NULL","NULL","NULL","NULL","NULL","200px-Yakima_County_Washington_Incorporated_and_Unincorporated_areas_Zillah_Highlighted.svg.png","http://upload.wikimedia.org/wikipedia/commons/thumb/9/97/Yakima_County_Washington_Incorporated_and_Unincorporated_areas_Zillah_Highlighted.svg/200px-Yakima_County_Washington_Incorporated_and_Unincorporated_areas_Zillah_Highlighted.svg.png","Pacific Time Zone","http://dbpedia.org/resource/Pacific_Time_Zone","NULL","NULL","NULL","NULL","City","http://dbpedia.org/resource/City","{-7|-8}","46.40361111111111 -120.26083333333334","{city|place|populated place|municipality|City|Place|_Feature|owl#Thing}","{http://dbpedia.org/ontology/City|http://dbpedia.org/ontology/Place|http://dbpedia.org/ontology/PopulatedPlace|http://dbpedia.org/ontology/Settlement|http://schema.org/City|http://schema.org/Place|http://www.opengis.net/gml/_Feature|http://www.w3.org/2002/07/owl#Thing}","46.4036","-120.261","Yakima_County_Washington_Incorporated_and_Unincorporated_areas_Zillah_Highlighted.svg","http://upload.wikimedia.org/wikipedia/commons/9/97/Yakima_County_Washington_Incorporated_and_Unincorporated_areas_Zillah_Highlighted.svg","","http://www.cityofzillah.us/","Zillah Washington","NULL"
"http://dbpedia.org/resource/Kenova,_West_Virginia","Kenova West Virginia","Kenova is a city in Wayne County West Virginia at the confluence of the Ohio and Big Sandy Rivers. The name of the town comes from its unique position where the borders of Kentucky Ohio and (West) Virginia meet. Founded in 1859 but not incorporated until 1894 the town's early history and development was centered around the railroad industry. It is home to a major Norfolk Southern Ohio River Bridge.","NULL","NULL","NULL","NULL","NULL","304","{3.26e+06|3.26339e+06}","NULL","NULL","{4.14e+06|4.14398e+06}","NULL","{880000.0|880596.0}","NULL","NULL","NULL","United States","http://dbpedia.org/resource/United_States","NULL","NULL","NULL","NULL","NULL","NULL","{170.0|170.078}","NULL","NULL","NULL","NULL","NULL","NULL","NULL","NULL","NULL","NULL","NULL","NULL","{Wayne County West Virginia|West Virginia}","{http://dbpedia.org/resource/Wayne_County,_West_Virginia|http://dbpedia.org/resource/West_Virginia}","NULL","NULL","NULL","NULL","NULL","NULL","NULL","NULL","Mayor","NULL","NULL","NULL","NULL","NULL","NULL","NULL","NULL","NULL","NULL","NULL","NULL","NULL","{985.487|985.5}","NULL","NULL","NULL","3216","NULL","NULL","NULL","25530","NULL","NULL","NULL","NULL","NULL","200px-WVMap-doton-Kenova.PNG","http://upload.wikimedia.org/wikipedia/commons/thumb/0/07/WVMap-doton-Kenova.PNG/200px-WVMap-doton-Kenova.PNG","Eastern Time Zone","http://dbpedia.org/resource/Eastern_Time_Zone","NULL","NULL","NULL","NULL","City","http://dbpedia.org/resource/City","{-4|-5}","38.39972222222222 -82.57861111111112","{city|place|populated place|municipality|City|Place|_Feature|owl#Thing}","{http://dbpedia.org/ontology/City|http://dbpedia.org/ontology/Place|http://dbpedia.org/ontology/PopulatedPlace|http://dbpedia.org/ontology/Settlement|http://schema.org/City|http://schema.org/Place|http://www.opengis.net/gml/_Feature|http://www.w3.org/2002/07/owl#Thing}","38.3997","-82.5786","WVMap-doton-Kenova.PNG","http://upload.wikimedia.org/wikipedia/commons/0/07/WVMap-doton-Kenova.PNG","www.cityofkenova.com","http://www.cityofkenova.com","Kenova West Virginia","NULL"
"http://dbpedia.org/resource/Fitchburg,_Wisconsin","Fitchburg Wisconsin","Fitchburg is a city in Dane County Wisconsin United States. The population was 25260 at the 2010 census. Fitchburg is a suburb of Madison and is part of the Madison Metropolitan Statistical Area.","NULL","NULL","NULL","NULL","NULL","608","{9.057e+07|9.05719e+07}","NULL","NULL","{9.119e+07|9.11935e+07}","NULL","{620000.0|621597.0}","NULL","NULL","NULL","United States","http://dbpedia.org/resource/United_States","NULL","NULL","NULL","NULL","NULL","NULL","NULL","NULL","NULL","NULL","NULL","NULL","NULL","NULL","NULL","NULL","NULL","NULL","NULL","{Dane County Wisconsin|Wisconsin}","{http://dbpedia.org/resource/Dane_County,_Wisconsin|http://dbpedia.org/resource/Wisconsin}","NULL","NULL","NULL","NULL","NULL","NULL","NULL","NULL","NULL","NULL","NULL","NULL","NULL","NULL","NULL","NULL","NULL","NULL","NULL","NULL","NULL","NULL","{278.882|278.9}","NULL","NULL","NULL","25260","NULL","NULL","NULL","53711","NULL","NULL","NULL","NULL","NULL","200px-WIMap-doton-Fitchburg.png","http://upload.wikimedia.org/wikipedia/commons/thumb/7/7c/WIMap-doton-Fitchburg.png/200px-WIMap-doton-Fitchburg.png","Central Time Zone (North America)","http://dbpedia.org/resource/Central_Time_Zone_(North_America)","NULL","NULL","NULL","NULL","City","http://dbpedia.org/resource/City","{-5|-6}","43.006388888888885 -89.43138888888889","{city|place|populated place|municipality|City|Place|_Feature|owl#Thing}","{http://dbpedia.org/ontology/City|http://dbpedia.org/ontology/Place|http://dbpedia.org/ontology/PopulatedPlace|http://dbpedia.org/ontology/Settlement|http://schema.org/City|http://schema.org/Place|http://www.opengis.net/gml/_Feature|http://www.w3.org/2002/07/owl#Thing}","43.0064","-89.4314","WIMap-doton-Fitchburg.png","http://upload.wikimedia.org/wikipedia/commons/7/7c/WIMap-doton-Fitchburg.png","index.php","http://www.city.fitchburg.wi.us/index.php","Fitchburg Wisconsin","NULL"
"http://dbpedia.org/resource/Stoughton,_Wisconsin","Stoughton Wisconsin","Stoughton is a city in Dane County Wisconsin United States. It straddles the Yahara River about 20 miles southeast of the state capital Madison. Stoughton is part of the Madison Metropolitan Statistical Area. As of the 2010 census the population was 12611. Known for its Norwegian heritage Stoughton hosts a citywide celebration of Syttende Mai the Norwegian constitution day.","NULL","NULL","NULL","NULL","NULL","608","{1.274e+07|1.27427e+07}","NULL","NULL","{1.318e+07|1.3183e+07}","NULL","{440000.0|440298.0}","NULL","NULL","NULL","United States","http://dbpedia.org/resource/United_States","NULL","NULL","NULL","NULL","NULL","NULL","{267.0|267.005}","NULL","NULL","NULL","NULL","NULL","NULL","NULL","NULL","NULL","NULL","NULL","NULL","{Dane County Wisconsin|Wisconsin}","{http://dbpedia.org/resource/Dane_County,_Wisconsin|http://dbpedia.org/resource/Wisconsin}","NULL","NULL","NULL","NULL","NULL","NULL","NULL","NULL","Mayor","NULL","NULL","NULL","NULL","NULL","NULL","NULL","NULL","NULL","NULL","NULL","NULL","NULL","{989.657|989.7}","NULL","NULL","NULL","12611","NULL","NULL","NULL","53589","NULL","NULL","NULL","NULL","NULL","200px-StoughtonWisconsinDowntownUS51.jpg","http://upload.wikimedia.org/wikipedia/commons/thumb/9/9e/StoughtonWisconsinDowntownUS51.jpg/200px-StoughtonWisconsinDowntownUS51.jpg","Central Time Zone (North America)","http://dbpedia.org/resource/Central_Time_Zone_(North_America)","NULL","NULL","NULL","NULL","City","http://dbpedia.org/resource/City","{-5|-6}","42.92111111111111 -89.22444444444444","{city|place|populated place|municipality|City|Place|_Feature|owl#Thing}","{http://dbpedia.org/ontology/City|http://dbpedia.org/ontology/Place|http://dbpedia.org/ontology/PopulatedPlace|http://dbpedia.org/ontology/Settlement|http://schema.org/City|http://schema.org/Place|http://www.opengis.net/gml/_Feature|http://www.w3.org/2002/07/owl#Thing}","42.9211","-89.2244","StoughtonWisconsinDowntownUS51.jpg","http://upload.wikimedia.org/wikipedia/commons/9/9e/StoughtonWisconsinDowntownUS51.jpg","www.cityofstoughton.com","http://www.cityofstoughton.com","Stoughton Wisconsin","NULL"
"http://dbpedia.org/resource/Watertown,_Wisconsin","Watertown Wisconsin","Watertown is a city in Dodge and Jefferson counties in the US state of Wisconsin. Most of the city's population is in Jefferson County. Division Street several blocks north of downtown marks the county line. The population of Watertown was 23861 at the 2010 census. Watertown is the largest city in the Watertown-Fort Atkinson micropolitan area which also includes Johnson Creek and Jefferson.","NULL","NULL","NULL","NULL","NULL","920","{3.136e+07|3.13648e+07}","NULL","NULL","{3.24e+07|3.24008e+07}","NULL","{1.036e+06|1.04e+06}","NULL","NULL","NULL","NULL","NULL","NULL","NULL","NULL","NULL","NULL","NULL","{259.994|260.0}","NULL","NULL","NULL","NULL","NULL","NULL","NULL","NULL","NULL","NULL","NULL","NULL","{Dodge County Wisconsin|Jefferson County Wisconsin|Wisconsin}","{http://dbpedia.org/resource/Dodge_County,_Wisconsin|http://dbpedia.org/resource/Jefferson_County,_Wisconsin|http://dbpedia.org/resource/Wisconsin}","NULL","NULL","NULL","NULL","NULL","NULL","NULL","NULL","Mayor","NULL","NULL","NULL","NULL","NULL","NULL","NULL","NULL","NULL","NULL","NULL","NULL","NULL","{760.776|760.8}","NULL","NULL","NULL","23861","NULL","NULL","NULL","NULL","NULL","NULL","NULL","NULL","NULL","200px-Watertown_Main_Street.JPG","http://upload.wikimedia.org/wikipedia/commons/thumb/e/ef/Watertown_Main_Street.JPG/200px-Watertown_Main_Street.JPG","Central Time Zone (North America)","http://dbpedia.org/resource/Central_Time_Zone_(North_America)","NULL","NULL","NULL","NULL","NULL","NULL","{-5|-6}","43.2 -88.71666666666667","{city|place|populated place|municipality|City|Place|_Feature|owl#Thing}","{http://dbpedia.org/ontology/City|http://dbpedia.org/ontology/Place|http://dbpedia.org/ontology/PopulatedPlace|http://dbpedia.org/ontology/Settlement|http://schema.org/City|http://schema.org/Place|http://www.opengis.net/gml/_Feature|http://www.w3.org/2002/07/owl#Thing}","43.2","-88.7167","Watertown_Main_Street.JPG","http://upload.wikimedia.org/wikipedia/commons/e/ef/Watertown_Main_Street.JPG","NULL","NULL","Watertown Wisconsin","NULL"
"http://dbpedia.org/resource/La_Crosse,_Wisconsin","La Crosse Wisconsin","La Crosse is a city in and the county seat of La Crosse County Wisconsin United States. The city lies alongside the Mississippi River. The population according to the 2010 census was 51230. The city forms the core of and is the principal city in the La Crosse Metropolitan Statistical Area which includes all of La Crosse County and Houston County Minnesota with a combined population of 133665.","NULL","NULL","NULL","NULL","1.0","608","{5.31466e+07|5.315e+07}","NULL","NULL","{5.83783e+07|5.838e+07}","NULL","{5.23e+06|5.23178e+06}","NULL","NULL","NULL","United States","http://dbpedia.org/resource/United_States","NULL","NULL","NULL","NULL","NULL","NULL","{203.911|204.0}","NULL","NULL","NULL","NULL","NULL","NULL","NULL","NULL","NULL","NULL","NULL","NULL","{La Crosse County Wisconsin|Wisconsin}","{http://dbpedia.org/resource/La_Crosse_County,_Wisconsin|http://dbpedia.org/resource/Wisconsin}","NULL","NULL","NULL","NULL","Mathias Harter","http://dbpedia.org/resource/Mathias_Harter","NULL","NULL","Mayor","NULL","NULL","NULL","NULL","NULL","NULL","NULL","NULL","NULL","NULL","NULL","NULL","NULL","{965.6|965.641}","133665","NULL","NULL","51320","NULL","87566","NULL","54601 54602 54603","NULL","NULL","NULL","NULL","NULL","200px-2012GranddadBluffViewLaXWisc.jpg","http://upload.wikimedia.org/wikipedia/commons/thumb/7/7f/2012GranddadBluffViewLaXWisc.jpg/200px-2012GranddadBluffViewLaXWisc.jpg","Central Time Zone (North America)","http://dbpedia.org/resource/Central_Time_Zone_(North_America)","NULL","NULL","NULL","NULL","City","http://dbpedia.org/resource/City","{-5|-6}","43.81333333333333 -91.23305555555555","{city|place|populated place|municipality|City|Place|_Feature|owl#Thing}","{http://dbpedia.org/ontology/City|http://dbpedia.org/ontology/Place|http://dbpedia.org/ontology/PopulatedPlace|http://dbpedia.org/ontology/Settlement|http://schema.org/City|http://schema.org/Place|http://www.opengis.net/gml/_Feature|http://www.w3.org/2002/07/owl#Thing}","43.8133","-91.2331","2012GranddadBluffViewLaXWisc.jpg","http://upload.wikimedia.org/wikipedia/commons/7/7f/2012GranddadBluffViewLaXWisc.jpg","","http://www.cityoflacrosse.org/","LaCrosse Wisconsin","NULL"
"http://dbpedia.org/resource/Wauwatosa,_Wisconsin","Wauwatosa Wisconsin","Wauwatosa is a city in Milwaukee County Wisconsin United States. The population was 46396 at the 2010 census. Wauwatosa is located immediately west of Milwaukee Wisconsin and is a part of the Milwaukee metropolitan area. It is named after the Potawatomi word for firefly.","NULL","NULL","NULL","NULL","NULL","414","{3.43173e+07|3.432e+07}","NULL","NULL","{3.43173e+07|3.432e+07}","NULL","0.0","NULL","NULL","NULL","United States","http://dbpedia.org/resource/United_States","NULL","NULL","NULL","NULL","NULL","NULL","{205.0|205.13}","NULL","NULL","NULL","NULL","NULL","NULL","NULL","NULL","NULL","NULL","NULL","NULL","{Milwaukee County Wisconsin|Wisconsin}","{http://dbpedia.org/resource/Milwaukee_County,_Wisconsin|http://dbpedia.org/resource/Wisconsin}","NULL","NULL","NULL","NULL","{Jim Sensenbrenner|Kathy_Ehley}","{http://dbpedia.org/resource/Jim_Sensenbrenner|http://dbpedia.org/resource/Kathy_Ehley}","NULL","NULL","{Congressional Rep.|Mayor}","NULL","NULL","NULL","NULL","NULL","NULL","NULL","NULL","NULL","NULL","NULL","0.0","NULL","{1351.98|1352.0}","1753355","NULL","NULL","46396","NULL","NULL","NULL","NULL","NULL","NULL","NULL","NULL","NULL","200px-Wauwatosa_at_Menomonee_River.jpg","http://upload.wikimedia.org/wikipedia/commons/thumb/5/58/Wauwatosa_at_Menomonee_River.jpg/200px-Wauwatosa_at_Menomonee_River.jpg","Central Time Zone (North America)","http://dbpedia.org/resource/Central_Time_Zone_(North_America)","NULL","NULL","NULL","NULL","City","http://dbpedia.org/resource/City","{-5|-6}","43.05888888888889 -88.0261111111111","{city|place|populated place|municipality|City|Place|_Feature|owl#Thing}","{http://dbpedia.org/ontology/City|http://dbpedia.org/ontology/Place|http://dbpedia.org/ontology/PopulatedPlace|http://dbpedia.org/ontology/Settlement|http://schema.org/City|http://schema.org/Place|http://www.opengis.net/gml/_Feature|http://www.w3.org/2002/07/owl#Thing}","43.0589","-88.0261","Wauwatosa_at_Menomonee_River.jpg","http://upload.wikimedia.org/wikipedia/commons/5/58/Wauwatosa_at_Menomonee_River.jpg","www.wauwatosa.net","http://www.wauwatosa.net","Wauwatosa Wisconsin","NULL"
"http://dbpedia.org/resource/Osseo,_Wisconsin","Osseo Wisconsin","Osseo is a city located in Trempealeau County Wisconsin at the confluence of the North and South Forks of the Buffalo River. The population was 1701 at the 2010 census.","NULL","NULL","NULL","NULL","NULL","715 & 534","{5.33538e+06|5.34e+06}","NULL","NULL","{5.41e+06|5.41308e+06}","NULL","{77699.6|80000.0}","NULL","NULL","NULL","United States","http://dbpedia.org/resource/United_States","NULL","NULL","NULL","NULL","NULL","NULL","{291.998|292.0}","NULL","NULL","NULL","NULL","NULL","NULL","NULL","NULL","NULL","NULL","NULL","NULL","{Trempealeau County Wisconsin|Wisconsin}","{http://dbpedia.org/resource/Trempealeau_County,_Wisconsin|http://dbpedia.org/resource/Wisconsin}","NULL","NULL","NULL","NULL","NULL","NULL","NULL","NULL","NULL","NULL","NULL","NULL","NULL","NULL","NULL","NULL","NULL","NULL","NULL","NULL","NULL","NULL","{318.8|318.805}","NULL","NULL","NULL","1701","NULL","NULL","NULL","NULL","NULL","NULL","NULL","NULL","NULL","200px-WIMap-doton-Osseo.png","http://upload.wikimedia.org/wikipedia/commons/thumb/a/a3/WIMap-doton-Osseo.png/200px-WIMap-doton-Osseo.png","Central Time Zone (North America)","http://dbpedia.org/resource/Central_Time_Zone_(North_America)","NULL","NULL","NULL","NULL","City","http://dbpedia.org/resource/City","{-5|-6}","44.57833333333333 -91.21833333333333","{city|place|populated place|municipality|City|Place|_Feature|owl#Thing}","{http://dbpedia.org/ontology/City|http://dbpedia.org/ontology/Place|http://dbpedia.org/ontology/PopulatedPlace|http://dbpedia.org/ontology/Settlement|http://schema.org/City|http://schema.org/Place|http://www.opengis.net/gml/_Feature|http://www.w3.org/2002/07/owl#Thing}","44.5783","-91.2183","WIMap-doton-Osseo.png","http://upload.wikimedia.org/wikipedia/commons/a/a3/WIMap-doton-Osseo.png","NULL","NULL","Osseo Wisconsin","NULL"
"http://dbpedia.org/resource/Muskego,_Wisconsin","Muskego Wisconsin","Muskego is a city in Waukesha County Wisconsin United States. As of the 2010 census the city had a population of 24135. Muskego is the fifth largest community in Waukesha County. The name Muskego is derived from the Potawatomi Indian name for the area Mus-kee-Guaac meaning sunfish. The Potawatomi were the original inhabitants of Muskego. There are three lakes within the city's boundaries.","NULL","NULL","NULL","NULL","NULL","414 262","{8.184e+07|8.18436e+07}","NULL","NULL","{9.31878e+07|9.319e+07}","NULL","{1.134e+07|1.13441e+07}","NULL","NULL","NULL","United States","http://dbpedia.org/resource/United_States","NULL","NULL","NULL","NULL","NULL","NULL","{244.0|244.145}","NULL","NULL","NULL","NULL","NULL","NULL","NULL","NULL","NULL","NULL","NULL","NULL","{Waukesha County Wisconsin|Wisconsin}","{http://dbpedia.org/resource/Waukesha_County,_Wisconsin|http://dbpedia.org/resource/Wisconsin}","NULL","NULL","NULL","NULL","NULL","NULL","NULL","NULL","Mayor","NULL","NULL","NULL","NULL","NULL","NULL","NULL","NULL","NULL","NULL","NULL","NULL","NULL","{294.9|294.905}","NULL","NULL","NULL","24135","NULL","NULL","NULL","53150","NULL","NULL","NULL","NULL","NULL","200px-WIMap-doton-Muskego.png","http://upload.wikimedia.org/wikipedia/commons/thumb/3/33/WIMap-doton-Muskego.png/200px-WIMap-doton-Muskego.png","Central Time Zone (North America)","http://dbpedia.org/resource/Central_Time_Zone_(North_America)","NULL","NULL","NULL","NULL","City","http://dbpedia.org/resource/City","{-5|-6}","42.90123611111111 -88.1246388888889","{city|place|populated place|municipality|City|Place|_Feature|owl#Thing}","{http://dbpedia.org/ontology/City|http://dbpedia.org/ontology/Place|http://dbpedia.org/ontology/PopulatedPlace|http://dbpedia.org/ontology/Settlement|http://schema.org/City|http://schema.org/Place|http://www.opengis.net/gml/_Feature|http://www.w3.org/2002/07/owl#Thing}","42.9012","-88.1246","WIMap-doton-Muskego.png","http://upload.wikimedia.org/wikipedia/commons/3/33/WIMap-doton-Muskego.png","","http://www.ci.muskego.wi.us/","Muskego Wisconsin","NULL"
"http://dbpedia.org/resource/Clintonville,_Wisconsin","Clintonville Wisconsin","Clintonville is a city in Waupaca County Wisconsin United States. The population was 4559 at the 2010 census.","NULL","NULL","NULL","NULL","NULL","715 & 534","{1.13959e+07|1.14e+07}","NULL","NULL","{1.155e+07|1.15513e+07}","NULL","{155399.0|160000.0}","NULL","NULL","NULL","United States","http://dbpedia.org/resource/United_States","NULL","NULL","NULL","NULL","NULL","NULL","{248.0|248.107}","NULL","NULL","NULL","NULL","NULL","NULL","NULL","NULL","NULL","NULL","NULL","NULL","{Waupaca County Wisconsin|Wisconsin}","{http://dbpedia.org/resource/Waupaca_County,_Wisconsin|http://dbpedia.org/resource/Wisconsin}","NULL","NULL","NULL","NULL","NULL","NULL","NULL","NULL","NULL","NULL","NULL","NULL","NULL","NULL","NULL","NULL","NULL","NULL","NULL","NULL","NULL","NULL","{400.0|400.04}","NULL","NULL","NULL","4559","NULL","NULL","NULL","54929","NULL","NULL","NULL","NULL","NULL","200px-ClintonvilleWisconsinDowntown2011.jpg","http://upload.wikimedia.org/wikipedia/commons/thumb/e/e8/ClintonvilleWisconsinDowntown2011.jpg/200px-ClintonvilleWisconsinDowntown2011.jpg","Central Time Zone (North America)","http://dbpedia.org/resource/Central_Time_Zone_(North_America)","NULL","NULL","NULL","NULL","City","http://dbpedia.org/resource/City","{-5|-6}","44.62416666666667 -88.75805555555556","{city|place|populated place|municipality|City|Place|_Feature|owl#Thing}","{http://dbpedia.org/ontology/City|http://dbpedia.org/ontology/Place|http://dbpedia.org/ontology/PopulatedPlace|http://dbpedia.org/ontology/Settlement|http://schema.org/City|http://schema.org/Place|http://www.opengis.net/gml/_Feature|http://www.w3.org/2002/07/owl#Thing}","44.6242","-88.7581","ClintonvilleWisconsinDowntown2011.jpg","http://upload.wikimedia.org/wikipedia/commons/e/e8/ClintonvilleWisconsinDowntown2011.jpg","NULL","NULL","Clintonville Wisconsin","NULL"
"http://dbpedia.org/resource/Hartford,_Wisconsin","Hartford Wisconsin","Hartford is a city in Dodge and Washington counties in the U.S. state of Wisconsin. As of the 2010 census the city had a population of 14223.","NULL","NULL","NULL","NULL","NULL","262","{2.056e+07|2.05645e+07}","NULL","NULL","{2.077e+07|2.07717e+07}","NULL","{207199.0|210000.0}","NULL","NULL","NULL","United States","http://dbpedia.org/resource/United_States","NULL","NULL","NULL","NULL","NULL","NULL","{299.0|299.009}","NULL","NULL","NULL","NULL","NULL","NULL","NULL","NULL","NULL","NULL","NULL","NULL","{Dodge County Wisconsin|Washington County Wisconsin|Wisconsin}","{http://dbpedia.org/resource/Dodge_County,_Wisconsin|http://dbpedia.org/resource/Washington_County,_Wisconsin|http://dbpedia.org/resource/Wisconsin}","NULL","NULL","NULL","NULL","NULL","NULL","NULL","NULL","NULL","NULL","NULL","NULL","NULL","NULL","NULL","NULL","NULL","NULL","NULL","NULL","NULL","NULL","{691.6|691.625}","NULL","NULL","NULL","14223","NULL","NULL","NULL","53027","NULL","NULL","NULL","NULL","NULL","200px-WIMap-doton-Hartford_b.png","http://upload.wikimedia.org/wikipedia/commons/thumb/d/d7/WIMap-doton-Hartford_b.png/200px-WIMap-doton-Hartford_b.png","Central Time Zone (North America)","http://dbpedia.org/resource/Central_Time_Zone_(North_America)","NULL","NULL","NULL","NULL","City","http://dbpedia.org/resource/City","{-5|-6}","43.318333333333335 -88.3788888888889","{city|place|populated place|municipality|City|Place|_Feature|owl#Thing}","{http://dbpedia.org/ontology/City|http://dbpedia.org/ontology/Place|http://dbpedia.org/ontology/PopulatedPlace|http://dbpedia.org/ontology/Settlement|http://schema.org/City|http://schema.org/Place|http://www.opengis.net/gml/_Feature|http://www.w3.org/2002/07/owl#Thing}","43.3183","-88.3789","WIMap-doton-Hartford_b.png","http://upload.wikimedia.org/wikipedia/commons/d/d7/WIMap-doton-Hartford_b.png","NULL","NULL","Hartford Wisconsin","NULL"
"http://dbpedia.org/resource/Spokane_Valley,_Washington","Spokane Valley Washington","Spokane Valley is an incorporated city in Spokane County Washington United States. It is located east of Spokane and west of Coeur d'Alene. It surrounds the town of Millwood on three sides. The city the eleventh largest in the state had a population of 89755 as of 2010.","NULL","NULL","NULL","NULL","NULL","509","{9.782e+07|9.78239e+07}","NULL","NULL","{9.857e+07|9.85749e+07}","NULL","{750000.0|751097.0}","NULL","NULL","NULL","United States","http://dbpedia.org/resource/United_States","NULL","NULL","NULL","NULL","NULL","NULL","NULL","NULL","NULL","NULL","NULL","NULL","NULL","NULL","NULL","NULL","NULL","NULL","NULL","{Spokane County Washington|Washington (state)}","{http://dbpedia.org/resource/Spokane_County,_Washington|http://dbpedia.org/resource/Washington_(state)}","NULL","NULL","NULL","NULL","NULL","NULL","NULL","NULL","{Deputy Mayor|Mayor}","NULL","NULL","NULL","NULL","NULL","NULL","NULL","NULL","NULL","NULL","NULL","NULL","NULL","{917.5|917.533}","NULL","NULL","NULL","89755","NULL","NULL","NULL","99206","NULL","NULL","NULL","NULL","NULL","200px-City_of_spokane_valley.jpg","http://upload.wikimedia.org/wikipedia/commons/thumb/1/1b/City_of_spokane_valley.jpg/200px-City_of_spokane_valley.jpg","Pacific Time Zone","http://dbpedia.org/resource/Pacific_Time_Zone","NULL","NULL","NULL","NULL","City","http://dbpedia.org/resource/City","{-7|-8}","47.67333333333333 -117.23944444444444","{city|place|populated place|municipality|City|Place|_Feature|owl#Thing}","{http://dbpedia.org/ontology/City|http://dbpedia.org/ontology/Place|http://dbpedia.org/ontology/PopulatedPlace|http://dbpedia.org/ontology/Settlement|http://schema.org/City|http://schema.org/Place|http://www.opengis.net/gml/_Feature|http://www.w3.org/2002/07/owl#Thing}","47.6733","-117.239","City_of_spokane_valley.jpg","http://upload.wikimedia.org/wikipedia/commons/1/1b/City_of_spokane_valley.jpg","","http://www.spokanevalley.org/","City of Spokane Valley Washington","SpoValley The Valley"
"http://dbpedia.org/resource/Harbin","Harbin","Harbin (Manchu language: Harbin; is the capital and largest city of Heilongjiang Province in Northeast China as well as the tenth most populated city in the People's Republic of China. According to the 2010 China census data the city's urban area has 5878939 inhabitants while the total population of the sub-provincial city is up to 10635971. Harbin serves as a key political economic scientific cultural and communications hub in Northeast China.","NULL","NULL","NULL","NULL","NULL","451","NULL","7.068e+09","NULL","5.31e+10","7.068e+09","NULL","NULL","NULL","NULL","China","http://dbpedia.org/resource/China","NULL","NULL","NULL","NULL","NULL","NULL","{148.742|150.0}","NULL","NULL","NULL","NULL","NULL","NULL","NULL","NULL","NULL","NULL","NULL","NULL","Heilongjiang","http://dbpedia.org/resource/Heilongjiang","NULL","NULL","NULL","NULL","{Lin_Duo|Song_Xibin}","{http://dbpedia.org/resource/Lin_Duo|http://dbpedia.org/resource/Song_Xibin}","NULL","NULL","{Mayor|secretary of a municipal committee of the CPC}","NULL","NULL","NULL","NULL","NULL","NULL","NULL","NULL","NULL","NULL","NULL","NULL","NULL","NULL","5878939","NULL","NULL","10635971","NULL","5282083","NULL","150000","NULL","NULL","NULL","NULL","NULL","200px-Harbin_montage.png","http://upload.wikimedia.org/wikipedia/commons/thumb/f/f3/Harbin_montage.png/200px-Harbin_montage.png","Time in China","http://dbpedia.org/resource/Time_in_China","NULL","NULL","NULL","NULL","Sub-provincial divisions in the People's Republic of China","http://dbpedia.org/resource/Sub-provincial_divisions_in_the_People's_Republic_of_China","+8","45.75 126.63333333333334","{city|place|populated place|municipality|City|Place|_Feature|owl#Thing}","{http://dbpedia.org/ontology/City|http://dbpedia.org/ontology/Place|http://dbpedia.org/ontology/PopulatedPlace|http://dbpedia.org/ontology/Settlement|http://schema.org/City|http://schema.org/Place|http://www.opengis.net/gml/_Feature|http://www.w3.org/2002/07/owl#Thing}","45.75","126.633","Harbin_montage.png","http://upload.wikimedia.org/wikipedia/commons/f/f3/Harbin_montage.png","","http://www.harbin.gov.cn/","NULL","Ice City Oriental Paris Oriental Moscow"
"http://dbpedia.org/resource/Dortmund","Dortmund","Dortmund is a city in Germany. It is located in the Bundesland of North Rhine-Westphalia. Its population of 579012 (in December 2012) makes it the 8th largest city in Germany. Dortmund is the largest city in the Ruhr Area an urban area with some 5.2 million (2009) inhabitants which is the largest urban agglomeration in Germany. Dortmund is also a part of the larger Rhine-Ruhr metropolitan region of more than 12 million people.","NULL","NULL","NULL","NULL","NULL","0231 02304","NULL","NULL","NULL","2.804e+08","NULL","NULL","NULL","NULL","NULL","Germany","http://dbpedia.org/resource/Germany","NULL","NULL","NULL","NULL","NULL","NULL","86.0","North Rhine-Westphalia","http://dbpedia.org/resource/North_Rhine-Westphalia","NULL","NULL","NULL","NULL","NULL","NULL","NULL","NULL","NULL","NULL","NULL","NULL","NULL","NULL","NULL","NULL","NULL","NULL","NULL","NULL","Lord Mayor","NULL","NULL","NULL","NULL","NULL","NULL","NULL","NULL","NULL","NULL","NULL","NULL","2010-12-31","NULL","NULL","NULL","NULL","NULL","NULL","NULL","NULL","44001-44388","NULL","NULL","NULL","NULL","NULL","200px-Dortmund.jpg","http://upload.wikimedia.org/wikipedia/commons/thumb/2/2c/Dortmund.jpg/200px-Dortmund.jpg","NULL","NULL","NULL","NULL","NULL","NULL","NULL","NULL","NULL","51.516666666666666 7.466666666666667","{city|place|populated place|municipality|City|Place|_Feature|owl#Thing}","{http://dbpedia.org/ontology/City|http://dbpedia.org/ontology/Place|http://dbpedia.org/ontology/PopulatedPlace|http://dbpedia.org/ontology/Settlement|http://schema.org/City|http://schema.org/Place|http://www.opengis.net/gml/_Feature|http://www.w3.org/2002/07/owl#Thing}","51.5167","7.46667","Dortmund.jpg","http://upload.wikimedia.org/wikipedia/commons/2/2c/Dortmund.jpg","","http://www.dortmund.de/","Dortmund","NULL"
"http://dbpedia.org/resource/Stratford,_Iowa","Stratford Iowa","Stratford is a city in Hamilton and Webster counties in the U.S. state of Iowa. The population was 743 at the 2010 census.","NULL","NULL","NULL","NULL","NULL","515","{4.94688e+06|4.95e+06}","NULL","NULL","{4.94688e+06|4.95e+06}","NULL","0.0","NULL","NULL","NULL","United States","http://dbpedia.org/resource/United_States","NULL","NULL","NULL","NULL","NULL","NULL","{338.0|338.023}","NULL","NULL","NULL","NULL","NULL","NULL","NULL","NULL","NULL","NULL","NULL","NULL","{Hamilton County Iowa|Iowa|Webster County Iowa}","{http://dbpedia.org/resource/Hamilton_County,_Iowa|http://dbpedia.org/resource/Iowa|http://dbpedia.org/resource/Webster_County,_Iowa}","NULL","NULL","NULL","NULL","NULL","NULL","NULL","NULL","NULL","NULL","NULL","NULL","NULL","NULL","NULL","The place to be","NULL","NULL","NULL","NULL","NULL","NULL","{150.194|150.2}","NULL","NULL","NULL","743","NULL","NULL","NULL","50249","NULL","NULL","NULL","NULL","NULL","200px-Stratford_Iowa_20090419_Sign.JPG","http://upload.wikimedia.org/wikipedia/commons/thumb/8/89/Stratford_Iowa_20090419_Sign.JPG/200px-Stratford_Iowa_20090419_Sign.JPG","Central Time Zone (North America)","http://dbpedia.org/resource/Central_Time_Zone_(North_America)","NULL","NULL","NULL","NULL","City","http://dbpedia.org/resource/City","{-5|-6}","42.270833333333336 -93.92694444444444","{city|place|populated place|municipality|City|Place|_Feature|owl#Thing}","{http://dbpedia.org/ontology/City|http://dbpedia.org/ontology/Place|http://dbpedia.org/ontology/PopulatedPlace|http://dbpedia.org/ontology/Settlement|http://schema.org/City|http://schema.org/Place|http://www.opengis.net/gml/_Feature|http://www.w3.org/2002/07/owl#Thing}","42.2708","-93.9269","Stratford_Iowa_20090419_Sign.JPG","http://upload.wikimedia.org/wikipedia/commons/8/89/Stratford_Iowa_20090419_Sign.JPG","www.stratfordiowa.com","http://www.stratfordiowa.com","Stratford Iowa","NULL"
"http://dbpedia.org/resource/Forest_City,_Iowa","Forest City Iowa","Forest City is a city in Hancock and Winnebago Counties in the U.S. state of Iowa and the county seat of Winnebago County. The population was 4151 in the 2010 census a decline from the 4362 population in the 2000 census. Forest City claims to be the smallest city in the United States with its own YMCA thanks to the benevolence of John K. and Luise V. Hanson. In reality it's not even the smallest city in Iowa with its own YMCA.","NULL","NULL","NULL","NULL","NULL","641","{1.20175e+07|1.202e+07}","NULL","NULL","{1.20175e+07|1.202e+07}","NULL","0.0","NULL","NULL","NULL","United States","http://dbpedia.org/resource/United_States","NULL","NULL","NULL","NULL","NULL","NULL","{383.0|383.134}","NULL","NULL","1878-06-14","NULL","NULL","NULL","NULL","NULL","NULL","NULL","NULL","NULL","{Hancock County Iowa|Iowa|Winnebago County Iowa}","{http://dbpedia.org/resource/Hancock_County,_Iowa|http://dbpedia.org/resource/Iowa|http://dbpedia.org/resource/Winnebago_County,_Iowa}","NULL","NULL","NULL","NULL","NULL","NULL","NULL","NULL","NULL","NULL","NULL","NULL","NULL","NULL","NULL","{Friends are Closer|Where Nature's Close and}","NULL","NULL","NULL","NULL","NULL","NULL","{345.4|345.407}","NULL","NULL","NULL","4151","NULL","NULL","NULL","50436","NULL","NULL","NULL","NULL","NULL","200px-Hancock_County_Iowa_Incorporated_and_Unincorporated_areas_Forest_City_Highlighted.svg.png","http://upload.wikimedia.org/wikipedia/commons/thumb/7/75/Hancock_County_Iowa_Incorporated_and_Unincorporated_areas_Forest_City_Highlighted.svg/200px-Hancock_County_Iowa_Incorporated_and_Unincorporated_areas_Forest_City_Highlighted.svg.png","Central Time Zone (North America)","http://dbpedia.org/resource/Central_Time_Zone_(North_America)","NULL","NULL","NULL","NULL","City","http://dbpedia.org/resource/City","{-5|-6}","43.261944444444445 -93.64027777777778","{city|place|populated place|municipality|City|Place|_Feature|owl#Thing}","{http://dbpedia.org/ontology/City|http://dbpedia.org/ontology/Place|http://dbpedia.org/ontology/PopulatedPlace|http://dbpedia.org/ontology/Settlement|http://schema.org/City|http://schema.org/Place|http://www.opengis.net/gml/_Feature|http://www.w3.org/2002/07/owl#Thing}","43.2619","-93.6403","Hancock_County_Iowa_Incorporated_and_Unincorporated_areas_Forest_City_Highlighted.svg","http://upload.wikimedia.org/wikipedia/commons/7/75/Hancock_County_Iowa_Incorporated_and_Unincorporated_areas_Forest_City_Highlighted.svg","NULL","NULL","Forest City Iowa","NULL"
