"URI","rdf-schema#label","rdf-schema#comment","binomialAuthority_label","binomialAuthority","class_label","class","conservationStatus","conservationStatusSystem","division_label","division","family_label","family","genus_label","genus","kingdom_label","kingdom","order_label","order","phylum_label","phylum","species_label","species","synonym","thumbnail_label","thumbnail","22-rdf-syntax-ns#type_label","22-rdf-syntax-ns#type","depiction_label","depiction","name"
"URI","http://www.w3.org/2000/01/rdf-schema#label","http://www.w3.org/2000/01/rdf-schema#comment","http://dbpedia.org/ontology/binomialAuthority","http://dbpedia.org/ontology/binomialAuthority","http://dbpedia.org/ontology/class","http://dbpedia.org/ontology/class","http://dbpedia.org/ontology/conservationStatus","http://dbpedia.org/ontology/conservationStatusSystem","http://dbpedia.org/ontology/division","http://dbpedia.org/ontology/division","http://dbpedia.org/ontology/family","http://dbpedia.org/ontology/family","http://dbpedia.org/ontology/genus","http://dbpedia.org/ontology/genus","http://dbpedia.org/ontology/kingdom","http://dbpedia.org/ontology/kingdom","http://dbpedia.org/ontology/order","http://dbpedia.org/ontology/order","http://dbpedia.org/ontology/phylum","http://dbpedia.org/ontology/phylum","http://dbpedia.org/ontology/species","http://dbpedia.org/ontology/species","http://dbpedia.org/ontology/synonym","http://dbpedia.org/ontology/thumbnail","http://dbpedia.org/ontology/thumbnail","http://www.w3.org/1999/02/22-rdf-syntax-ns#type","http://www.w3.org/1999/02/22-rdf-syntax-ns#type","http://xmlns.com/foaf/0.1/depiction","http://xmlns.com/foaf/0.1/depiction","http://xmlns.com/foaf/0.1/name"
"URI","XMLSchema#string","XMLSchema#string","XMLSchema#string","owl#Thing","XMLSchema#string","owl#Thing","XMLSchema#string","XMLSchema#string","XMLSchema#string","owl#Thing","XMLSchema#string","Species","XMLSchema#string","owl#Thing","XMLSchema#string","owl#Thing","XMLSchema#string","owl#Thing","XMLSchema#string","owl#Thing","XMLSchema#string","owl#Thing","XMLSchema#string","XMLSchema#string","owl#Thing","XMLSchema#string","owl#Class","XMLSchema#string","owl#Thing","XMLSchema#string"
"http://www.w3.org/2002/07/owl#Thing","http://www.w3.org/2001/XMLSchema#string","http://www.w3.org/2001/XMLSchema#string","http://www.w3.org/2001/XMLSchema#string","http://www.w3.org/2002/07/owl#Thing","http://www.w3.org/2001/XMLSchema#string","http://www.w3.org/2002/07/owl#Thing","http://www.w3.org/2001/XMLSchema#string","http://www.w3.org/2001/XMLSchema#string","http://www.w3.org/2001/XMLSchema#string","http://www.w3.org/2002/07/owl#Thing","http://www.w3.org/2001/XMLSchema#string","http://dbpedia.org/ontology/Species","http://www.w3.org/2001/XMLSchema#string","http://www.w3.org/2002/07/owl#Thing","http://www.w3.org/2001/XMLSchema#string","http://www.w3.org/2002/07/owl#Thing","http://www.w3.org/2001/XMLSchema#string","http://www.w3.org/2002/07/owl#Thing","http://www.w3.org/2001/XMLSchema#string","http://www.w3.org/2002/07/owl#Thing","http://www.w3.org/2001/XMLSchema#string","http://www.w3.org/2002/07/owl#Thing","http://www.w3.org/2001/XMLSchema#string","http://www.w3.org/2001/XMLSchema#string","http://www.w3.org/2002/07/owl#Thing","http://www.w3.org/2001/XMLSchema#string","http://www.w3.org/2002/07/owl#Class","http://www.w3.org/2001/XMLSchema#string","http://www.w3.org/2002/07/owl#Thing","http://www.w3.org/2001/XMLSchema#string"
"http://dbpedia.org/resource/Argiope_(spider)","Argiope (spider)","The genus Argiope includes rather large and spectacular spiders that often have a strikingly coloured abdomen. These spiders are distributed throughout the world. Most countries in tropical or temperate climates host one or more species that are similar in appearance. The etymology of the name is from a Greek name meaning silver-faced.","NULL","NULL","Arachnid","http://dbpedia.org/resource/Arachnid","NULL","NULL","NULL","NULL","Orb-weaver spider","http://dbpedia.org/resource/Orb-weaver_spider","NULL","NULL","Animal","http://dbpedia.org/resource/Animal","Spider","http://dbpedia.org/resource/Spider","Arthropod","http://dbpedia.org/resource/Arthropod","NULL","NULL","NULL","200px-Argiope_sp.jpg","http://upload.wikimedia.org/wikipedia/commons/thumb/f/fd/Argiope_sp.jpg/200px-Argiope_sp.jpg","{animal|arachnid|eukaryote|species|owl#Thing}","{http://dbpedia.org/ontology/Animal|http://dbpedia.org/ontology/Arachnid|http://dbpedia.org/ontology/Eukaryote|http://dbpedia.org/ontology/Species|http://www.w3.org/2002/07/owl#Thing}","Argiope_sp.jpg","http://upload.wikimedia.org/wikipedia/commons/f/fd/Argiope_sp.jpg","Argiope"
"http://dbpedia.org/resource/Tick","Tick","Ticks are small arachnids in the order Ixodida. Along with mites they constitute the subclass Acarina. Ticks are ectoparasites living by hematophagy on the blood of mammals birds and sometimes reptiles and amphibians.","NULL","NULL","{Acari|Arachnid}","{http://dbpedia.org/resource/Acari|http://dbpedia.org/resource/Arachnid}","NULL","NULL","NULL","NULL","NULL","NULL","NULL","NULL","Animal","http://dbpedia.org/resource/Animal","Parasitiformes","http://dbpedia.org/resource/Parasitiformes","Arthropod","http://dbpedia.org/resource/Arthropod","NULL","NULL","NULL","200px-Ixodus_ricinus_5x.jpg","http://upload.wikimedia.org/wikipedia/commons/thumb/1/13/Ixodus_ricinus_5x.jpg/200px-Ixodus_ricinus_5x.jpg","{animal|arachnid|eukaryote|species|owl#Thing}","{http://dbpedia.org/ontology/Animal|http://dbpedia.org/ontology/Arachnid|http://dbpedia.org/ontology/Eukaryote|http://dbpedia.org/ontology/Species|http://www.w3.org/2002/07/owl#Thing}","Ixodus_ricinus_5x.jpg","http://upload.wikimedia.org/wikipedia/commons/1/13/Ixodus_ricinus_5x.jpg","Tick"
"http://dbpedia.org/resource/Pseudoscorpion","Pseudoscorpion","A pseudoscorpion (also known as a false scorpion or book scorpion) is an arachnid belonging to the order Pseudoscorpionida also known as Pseudoscorpiones or Chelonethida. Pseudoscorpions are generally beneficial to humans since they prey on clothes moth larvae carpet beetle larvae booklice ants mites and small flies. They are small and inoffensive and are rarely seen due to their size.","NULL","NULL","{Arachnid|Dromopoda}","{http://dbpedia.org/resource/Arachnid|http://dbpedia.org/resource/Dromopoda}","NULL","NULL","NULL","NULL","NULL","NULL","NULL","NULL","Animal","http://dbpedia.org/resource/Animal","NULL","NULL","Arthropod","http://dbpedia.org/resource/Arthropod","NULL","NULL","NULL","200px-Kaldari_pseudoscorpion_01.jpg","http://upload.wikimedia.org/wikipedia/commons/thumb/b/bd/Kaldari_pseudoscorpion_01.jpg/200px-Kaldari_pseudoscorpion_01.jpg","{animal|arachnid|eukaryote|species|owl#Thing}","{http://dbpedia.org/ontology/Animal|http://dbpedia.org/ontology/Arachnid|http://dbpedia.org/ontology/Eukaryote|http://dbpedia.org/ontology/Species|http://www.w3.org/2002/07/owl#Thing}","Kaldari_pseudoscorpion_01.jpg","http://upload.wikimedia.org/wikipedia/commons/b/bd/Kaldari_pseudoscorpion_01.jpg","Pseudoscorpions (false scorpions)"
"http://dbpedia.org/resource/Amblypygi","Amblypygi","Amblypygi is an order of invertebrate animals belonging to the class Arachnida in the subphylum Chelicerata of the phylum Arthropoda. They form a separate order of arachnids alongside the spiders scorpions and others. Amblypygids are also known as whip spiders and tailless whip scorpions (not to be confused with whip scorpions that belong to the Arachnid order Thelyphonida). The name amblypygid means blunt rump a reference to a lack of the telson (tail) carried by related species.","NULL","NULL","Arachnid","http://dbpedia.org/resource/Arachnid","NULL","NULL","NULL","NULL","NULL","NULL","NULL","NULL","Animal","http://dbpedia.org/resource/Animal","NULL","NULL","Arthropod","http://dbpedia.org/resource/Arthropod","NULL","NULL","NULL","200px-Tailless_scorpion.JPG","http://upload.wikimedia.org/wikipedia/commons/thumb/3/33/Tailless_scorpion.JPG/200px-Tailless_scorpion.JPG","{animal|arachnid|eukaryote|species|owl#Thing}","{http://dbpedia.org/ontology/Animal|http://dbpedia.org/ontology/Arachnid|http://dbpedia.org/ontology/Eukaryote|http://dbpedia.org/ontology/Species|http://www.w3.org/2002/07/owl#Thing}","Tailless_scorpion.JPG","http://upload.wikimedia.org/wikipedia/commons/3/33/Tailless_scorpion.JPG","Amblypygi"
"http://dbpedia.org/resource/Schizomida","Schizomida","Schizomida (common name shorttailed whipscorpion) is an order of arachnids superficially resembling spiders and generally less than 5 millimetres in length. The order is not yet widely studied. As of 2005 more than 230 species of schizomids have been described worldwide most belonging to the Hubbardiidae family. A systematic review including a full catalogue may be found in Reddell & Cokendolpher (1995).","NULL","NULL","Arachnid","http://dbpedia.org/resource/Arachnid","NULL","NULL","NULL","NULL","NULL","NULL","NULL","NULL","Animal","http://dbpedia.org/resource/Animal","NULL","NULL","{Arthropod|Chelicerata}","{http://dbpedia.org/resource/Arthropod|http://dbpedia.org/resource/Chelicerata}","NULL","NULL","NULL","200px-Hubbardia_pentapeltis_female.jpg","http://upload.wikimedia.org/wikipedia/commons/thumb/0/0a/Hubbardia_pentapeltis_female.jpg/200px-Hubbardia_pentapeltis_female.jpg","{animal|arachnid|eukaryote|species|owl#Thing}","{http://dbpedia.org/ontology/Animal|http://dbpedia.org/ontology/Arachnid|http://dbpedia.org/ontology/Eukaryote|http://dbpedia.org/ontology/Species|http://www.w3.org/2002/07/owl#Thing}","Hubbardia_pentapeltis_female.jpg","http://upload.wikimedia.org/wikipedia/commons/0/0a/Hubbardia_pentapeltis_female.jpg","Schizomida"
"http://dbpedia.org/resource/Opiliones","Opiliones","Opiliones (formerly Phalangida) are an order of arachnids commonly known as harvestmen. As of December 2011 over 6500 species of harvestmen have been discovered worldwide although the real number of extant species may exceed 10000. The order Opiliones includes four suborders: Cyphophthalmi Eupnoi Dyspnoi and Laniatores.","NULL","NULL","{Arachnid|Dromopoda}","{http://dbpedia.org/resource/Arachnid|http://dbpedia.org/resource/Dromopoda}","NULL","NULL","NULL","NULL","NULL","NULL","NULL","NULL","Animal","http://dbpedia.org/resource/Animal","NULL","NULL","Arthropod","http://dbpedia.org/resource/Arthropod","NULL","NULL","NULL","200px-Phalangium_opilio_3_(Nemo5576).jpg","http://upload.wikimedia.org/wikipedia/commons/thumb/0/06/Phalangium_opilio_3_(Nemo5576).jpg/200px-Phalangium_opilio_3_(Nemo5576).jpg","{animal|arachnid|eukaryote|species|owl#Thing}","{http://dbpedia.org/ontology/Animal|http://dbpedia.org/ontology/Arachnid|http://dbpedia.org/ontology/Eukaryote|http://dbpedia.org/ontology/Species|http://www.w3.org/2002/07/owl#Thing}","Phalangium_opilio_3_(Nemo5576).jpg","http://upload.wikimedia.org/wikipedia/commons/0/06/Phalangium_opilio_3_(Nemo5576).jpg","Opiliones"
"http://dbpedia.org/resource/Neaetha","Neaetha","Neaetha is a spider genus of the Salticidae family (jumping spiders).","NULL","NULL","Arachnid","http://dbpedia.org/resource/Arachnid","NULL","NULL","NULL","NULL","{Jumping spider|Pelleninae}","{http://dbpedia.org/resource/Jumping_spider|http://dbpedia.org/resource/Pelleninae}","NULL","NULL","Animal","http://dbpedia.org/resource/Animal","Spider","http://dbpedia.org/resource/Spider","Arthropod","http://dbpedia.org/resource/Arthropod","NULL","NULL","NULL","NULL","NULL","{animal|arachnid|eukaryote|species|owl#Thing}","{http://dbpedia.org/ontology/Animal|http://dbpedia.org/ontology/Arachnid|http://dbpedia.org/ontology/Eukaryote|http://dbpedia.org/ontology/Species|http://www.w3.org/2002/07/owl#Thing}","NULL","NULL","Neaetha"
"http://dbpedia.org/resource/Nebridia","Nebridia","Nebridia is a spider genus of the Salticidae family (jumping spiders) with four species. Two occur in South America two on Hispaniola.","NULL","NULL","Arachnid","http://dbpedia.org/resource/Arachnid","NULL","NULL","NULL","NULL","{Euophryinae|Jumping spider}","{http://dbpedia.org/resource/Euophryinae|http://dbpedia.org/resource/Jumping_spider}","NULL","NULL","Animal","http://dbpedia.org/resource/Animal","Spider","http://dbpedia.org/resource/Spider","Arthropod","http://dbpedia.org/resource/Arthropod","NULL","NULL","NULL","NULL","NULL","{animal|arachnid|eukaryote|species|owl#Thing}","{http://dbpedia.org/ontology/Animal|http://dbpedia.org/ontology/Arachnid|http://dbpedia.org/ontology/Eukaryote|http://dbpedia.org/ontology/Species|http://www.w3.org/2002/07/owl#Thing}","NULL","NULL","Nebridia"
"http://dbpedia.org/resource/Neobrettus","Neobrettus","Neobrettus is a spider genus of the Salticidae family (jumping spiders).","NULL","NULL","Arachnid","http://dbpedia.org/resource/Arachnid","NULL","NULL","NULL","NULL","{Jumping spider|Spartaeinae}","{http://dbpedia.org/resource/Jumping_spider|http://dbpedia.org/resource/Spartaeinae}","NULL","NULL","Animal","http://dbpedia.org/resource/Animal","Spider","http://dbpedia.org/resource/Spider","Arthropod","http://dbpedia.org/resource/Arthropod","NULL","NULL","NULL","NULL","NULL","{animal|arachnid|eukaryote|species|owl#Thing}","{http://dbpedia.org/ontology/Animal|http://dbpedia.org/ontology/Arachnid|http://dbpedia.org/ontology/Eukaryote|http://dbpedia.org/ontology/Species|http://www.w3.org/2002/07/owl#Thing}","NULL","NULL","Neobrettus"
"http://dbpedia.org/resource/Neonella","Neonella","Neonella is a spider genus of the Salticidae family (jumping spiders). Its species occur from the USA to Argentina.","NULL","NULL","Arachnid","http://dbpedia.org/resource/Arachnid","NULL","NULL","NULL","NULL","{Euophryinae|Jumping spider}","{http://dbpedia.org/resource/Euophryinae|http://dbpedia.org/resource/Jumping_spider}","NULL","NULL","{Animal|Eumetazoa}","{http://dbpedia.org/resource/Animal|http://dbpedia.org/resource/Eumetazoa}","{Araneomorphae|Spider}","{http://dbpedia.org/resource/Araneomorphae|http://dbpedia.org/resource/Spider}","{Arthropod|Chelicerata}","{http://dbpedia.org/resource/Arthropod|http://dbpedia.org/resource/Chelicerata}","NULL","NULL","NULL","200px-Edwards_Neonella_vinnula_01.jpg","http://upload.wikimedia.org/wikipedia/commons/thumb/9/9e/Edwards_Neonella_vinnula_01.jpg/200px-Edwards_Neonella_vinnula_01.jpg","{animal|arachnid|eukaryote|species|owl#Thing}","{http://dbpedia.org/ontology/Animal|http://dbpedia.org/ontology/Arachnid|http://dbpedia.org/ontology/Eukaryote|http://dbpedia.org/ontology/Species|http://www.w3.org/2002/07/owl#Thing}","Edwards_Neonella_vinnula_01.jpg","http://upload.wikimedia.org/wikipedia/commons/9/9e/Edwards_Neonella_vinnula_01.jpg","Neonella"
"http://dbpedia.org/resource/Neon_(spider)","Neon (spider)","Neon is a spider genus of the Salticidae family (jumping spiders). Its 25 described species occur mostly in Eurasia with some species found in North and South America. One species N. convolutus is also found in Algeria.","NULL","NULL","Arachnid","http://dbpedia.org/resource/Arachnid","NULL","NULL","NULL","NULL","Jumping spider","http://dbpedia.org/resource/Jumping_spider","Astioida","http://dbpedia.org/resource/Astioida","Animal","http://dbpedia.org/resource/Animal","Spider","http://dbpedia.org/resource/Spider","Arthropod","http://dbpedia.org/resource/Arthropod","NULL","NULL","NULL","200px-Edwards_Neon_nelli_01.jpg","http://upload.wikimedia.org/wikipedia/commons/thumb/9/9b/Edwards_Neon_nelli_01.jpg/200px-Edwards_Neon_nelli_01.jpg","{animal|arachnid|eukaryote|species|owl#Thing}","{http://dbpedia.org/ontology/Animal|http://dbpedia.org/ontology/Arachnid|http://dbpedia.org/ontology/Eukaryote|http://dbpedia.org/ontology/Species|http://www.w3.org/2002/07/owl#Thing}","Edwards_Neon_nelli_01.jpg","http://upload.wikimedia.org/wikipedia/commons/9/9b/Edwards_Neon_nelli_01.jpg","Neon"
"http://dbpedia.org/resource/Nimbarus","Nimbarus","Nimbarus is a spider genus of the Salticidae family (jumping spiders). Its single described species is found in Guinea.","NULL","NULL","Arachnid","http://dbpedia.org/resource/Arachnid","NULL","NULL","NULL","NULL","Jumping spider","http://dbpedia.org/resource/Jumping_spider","NULL","NULL","{Animal|Eumetazoa}","{http://dbpedia.org/resource/Animal|http://dbpedia.org/resource/Eumetazoa}","{Araneomorphae|Spider}","{http://dbpedia.org/resource/Araneomorphae|http://dbpedia.org/resource/Spider}","{Arthropod|Chelicerata}","{http://dbpedia.org/resource/Arthropod|http://dbpedia.org/resource/Chelicerata}","NULL","NULL","NULL","NULL","NULL","{animal|arachnid|eukaryote|species|owl#Thing}","{http://dbpedia.org/ontology/Animal|http://dbpedia.org/ontology/Arachnid|http://dbpedia.org/ontology/Eukaryote|http://dbpedia.org/ontology/Species|http://www.w3.org/2002/07/owl#Thing}","NULL","NULL","Nimbarus"
"http://dbpedia.org/resource/Noegus","Noegus","Noegus is a spider genus of the Salticidae family (jumping spiders). Most species occur in South America with few reaching north up to Guatemala.","NULL","NULL","Arachnid","http://dbpedia.org/resource/Arachnid","NULL","NULL","NULL","NULL","{Amycinae|Jumping spider}","{http://dbpedia.org/resource/Amycinae|http://dbpedia.org/resource/Jumping_spider}","NULL","NULL","{Animal|Eumetazoa}","{http://dbpedia.org/resource/Animal|http://dbpedia.org/resource/Eumetazoa}","{Araneomorphae|Spider}","{http://dbpedia.org/resource/Araneomorphae|http://dbpedia.org/resource/Spider}","{Arthropod|Chelicerata}","{http://dbpedia.org/resource/Arthropod|http://dbpedia.org/resource/Chelicerata}","NULL","NULL","NULL","NULL","NULL","{animal|arachnid|eukaryote|species|owl#Thing}","{http://dbpedia.org/ontology/Animal|http://dbpedia.org/ontology/Arachnid|http://dbpedia.org/ontology/Eukaryote|http://dbpedia.org/ontology/Species|http://www.w3.org/2002/07/owl#Thing}","NULL","NULL","Noegus"
"http://dbpedia.org/resource/Nosferattus","Nosferattus","Nosferattus is a spider genus of the Salticidae family (jumping spiders). All described species are found in Brazil.","NULL","NULL","Arachnid","http://dbpedia.org/resource/Arachnid","NULL","NULL","NULL","NULL","{Jumping spider|Sitticinae}","{http://dbpedia.org/resource/Jumping_spider|http://dbpedia.org/resource/Sitticinae}","NULL","NULL","{Animal|Eumetazoa}","{http://dbpedia.org/resource/Animal|http://dbpedia.org/resource/Eumetazoa}","{Araneomorphae|Spider}","{http://dbpedia.org/resource/Araneomorphae|http://dbpedia.org/resource/Spider}","{Arthropod|Chelicerata}","{http://dbpedia.org/resource/Arthropod|http://dbpedia.org/resource/Chelicerata}","NULL","NULL","NULL","NULL","NULL","{animal|arachnid|eukaryote|species|owl#Thing}","{http://dbpedia.org/ontology/Animal|http://dbpedia.org/ontology/Arachnid|http://dbpedia.org/ontology/Eukaryote|http://dbpedia.org/ontology/Species|http://www.w3.org/2002/07/owl#Thing}","NULL","NULL","Nosferattus"
"http://dbpedia.org/resource/Nycerella","Nycerella","Nycerella is a spider genus of the Salticidae family (jumping spiders). The genus was renamed from Cyrene Peckham & Peckham 1893 because the name was preoccupied.","NULL","NULL","Arachnid","http://dbpedia.org/resource/Arachnid","NULL","NULL","NULL","NULL","{Aelurillinae|Jumping spider}","{http://dbpedia.org/resource/Aelurillinae|http://dbpedia.org/resource/Jumping_spider}","NULL","NULL","Animal","http://dbpedia.org/resource/Animal","Spider","http://dbpedia.org/resource/Spider","Arthropod","http://dbpedia.org/resource/Arthropod","NULL","NULL","Cyrene Peckham & Peckham","NULL","NULL","{animal|arachnid|eukaryote|species|owl#Thing}","{http://dbpedia.org/ontology/Animal|http://dbpedia.org/ontology/Arachnid|http://dbpedia.org/ontology/Eukaryote|http://dbpedia.org/ontology/Species|http://www.w3.org/2002/07/owl#Thing}","NULL","NULL","Nycerella"
"http://dbpedia.org/resource/Ocnotelus","Ocnotelus","Ocnotelus is a spider genus of the Salticidae family (jumping spiders).","NULL","NULL","Arachnid","http://dbpedia.org/resource/Arachnid","NULL","NULL","NULL","NULL","{Euophryinae|Jumping spider}","{http://dbpedia.org/resource/Euophryinae|http://dbpedia.org/resource/Jumping_spider}","NULL","NULL","Animal","http://dbpedia.org/resource/Animal","Spider","http://dbpedia.org/resource/Spider","Arthropod","http://dbpedia.org/resource/Arthropod","NULL","NULL","NULL","NULL","NULL","{animal|arachnid|eukaryote|species|owl#Thing}","{http://dbpedia.org/ontology/Animal|http://dbpedia.org/ontology/Arachnid|http://dbpedia.org/ontology/Eukaryote|http://dbpedia.org/ontology/Species|http://www.w3.org/2002/07/owl#Thing}","NULL","NULL","Ocnotelus"
"http://dbpedia.org/resource/Ocrisiona","Ocrisiona","Ocrisiona is a spider genus of the Salticidae family (jumping spiders). O. frenata from Hong Kong belongs not to Ocrisiona but to a different unspecified genus according to Zabka (1990). Simon places the genus Ocrisiona close to Holoplatys.","NULL","NULL","Arachnid","http://dbpedia.org/resource/Arachnid","NULL","NULL","NULL","NULL","{Jumping spider|Marpissinae}","{http://dbpedia.org/resource/Jumping_spider|http://dbpedia.org/resource/Marpissinae}","NULL","NULL","{Animal|Eumetazoa}","{http://dbpedia.org/resource/Animal|http://dbpedia.org/resource/Eumetazoa}","{Araneomorphae|Spider}","{http://dbpedia.org/resource/Araneomorphae|http://dbpedia.org/resource/Spider}","{Arthropod|Chelicerata}","{http://dbpedia.org/resource/Arthropod|http://dbpedia.org/resource/Chelicerata}","NULL","NULL","NULL","200px-Jumping_spider_nov07.jpg","http://upload.wikimedia.org/wikipedia/commons/thumb/4/46/Jumping_spider_nov07.jpg/200px-Jumping_spider_nov07.jpg","{animal|arachnid|eukaryote|species|owl#Thing}","{http://dbpedia.org/ontology/Animal|http://dbpedia.org/ontology/Arachnid|http://dbpedia.org/ontology/Eukaryote|http://dbpedia.org/ontology/Species|http://www.w3.org/2002/07/owl#Thing}","Jumping_spider_nov07.jpg","http://upload.wikimedia.org/wikipedia/commons/4/46/Jumping_spider_nov07.jpg","Ocrisiona"
"http://dbpedia.org/resource/Ogdenia","Ogdenia","Ogdenia is a spider genus of the Salticidae family (jumping spiders). Its only described species O. mutilla is endemic to Sarawak Borneo. Peckham & Peckham regarded the species as being close to Hasarius. The female epigyne was drawn by Proszynsky (1984). The genus was originally called Rooseveltia but replaced by the original authors a year later.","NULL","NULL","Arachnid","http://dbpedia.org/resource/Arachnid","NULL","NULL","NULL","NULL","{Hasariinae|Jumping spider}","{http://dbpedia.org/resource/Hasariinae|http://dbpedia.org/resource/Jumping_spider}","NULL","NULL","Animal","http://dbpedia.org/resource/Animal","Spider","http://dbpedia.org/resource/Spider","Arthropod","http://dbpedia.org/resource/Arthropod","NULL","NULL","Rooseveltia mutilla","NULL","NULL","{animal|arachnid|eukaryote|species|owl#Thing}","{http://dbpedia.org/ontology/Animal|http://dbpedia.org/ontology/Arachnid|http://dbpedia.org/ontology/Eukaryote|http://dbpedia.org/ontology/Species|http://www.w3.org/2002/07/owl#Thing}","NULL","NULL","Ogdenia"
"http://dbpedia.org/resource/Omoedus","Omoedus","Omoedus is a spider genus of the Salticidae family (jumping spiders).","NULL","NULL","Arachnid","http://dbpedia.org/resource/Arachnid","NULL","NULL","NULL","NULL","{Euophryinae|Jumping spider}","{http://dbpedia.org/resource/Euophryinae|http://dbpedia.org/resource/Jumping_spider}","NULL","NULL","Animal","http://dbpedia.org/resource/Animal","Spider","http://dbpedia.org/resource/Spider","Arthropod","http://dbpedia.org/resource/Arthropod","NULL","NULL","NULL","NULL","NULL","{animal|arachnid|eukaryote|species|owl#Thing}","{http://dbpedia.org/ontology/Animal|http://dbpedia.org/ontology/Arachnid|http://dbpedia.org/ontology/Eukaryote|http://dbpedia.org/ontology/Species|http://www.w3.org/2002/07/owl#Thing}","NULL","NULL","Omoedus"
"http://dbpedia.org/resource/Onomastus","Onomastus","Onomastus is a spider genus of the Salticidae family (jumping spiders).","NULL","NULL","Arachnid","http://dbpedia.org/resource/Arachnid","NULL","NULL","NULL","NULL","{Jumping spider|Lyssomaninae}","{http://dbpedia.org/resource/Jumping_spider|http://dbpedia.org/resource/Lyssomaninae}","NULL","NULL","{Animal|Eumetazoa}","{http://dbpedia.org/resource/Animal|http://dbpedia.org/resource/Eumetazoa}","{Araneomorphae|Spider}","{http://dbpedia.org/resource/Araneomorphae|http://dbpedia.org/resource/Spider}","{Arthropod|Chelicerata}","{http://dbpedia.org/resource/Arthropod|http://dbpedia.org/resource/Chelicerata}","NULL","NULL","NULL","200px-Onomastus.kanoi.female.-.tanikawa.jpg","http://upload.wikimedia.org/wikipedia/commons/thumb/7/7f/Onomastus.kanoi.female.-.tanikawa.jpg/200px-Onomastus.kanoi.female.-.tanikawa.jpg","{animal|arachnid|eukaryote|species|owl#Thing}","{http://dbpedia.org/ontology/Animal|http://dbpedia.org/ontology/Arachnid|http://dbpedia.org/ontology/Eukaryote|http://dbpedia.org/ontology/Species|http://www.w3.org/2002/07/owl#Thing}","Onomastus.kanoi.female.-.tanikawa.jpg","http://upload.wikimedia.org/wikipedia/commons/7/7f/Onomastus.kanoi.female.-.tanikawa.jpg","Onomastus"
"http://dbpedia.org/resource/Opisthoncana","Opisthoncana","Opisthoncana is a spider genus of the Salticidae family (jumping spiders). Its sole described species O. formidabilis has only been found on New Ireland near New Guinea.","Embrik Strand","http://dbpedia.org/resource/Embrik_Strand","Arachnid","http://dbpedia.org/resource/Arachnid","NULL","NULL","NULL","NULL","{Euophryinae|Jumping spider}","{http://dbpedia.org/resource/Euophryinae|http://dbpedia.org/resource/Jumping_spider}","NULL","NULL","Animal","http://dbpedia.org/resource/Animal","Spider","http://dbpedia.org/resource/Spider","Arthropod","http://dbpedia.org/resource/Arthropod","NULL","NULL","NULL","200px-Distribution.opisthoncana.formidabilis.1.png","http://upload.wikimedia.org/wikipedia/commons/thumb/0/0d/Distribution.opisthoncana.formidabilis.1.png/200px-Distribution.opisthoncana.formidabilis.1.png","{animal|arachnid|eukaryote|species|owl#Thing}","{http://dbpedia.org/ontology/Animal|http://dbpedia.org/ontology/Arachnid|http://dbpedia.org/ontology/Eukaryote|http://dbpedia.org/ontology/Species|http://www.w3.org/2002/07/owl#Thing}","Distribution.opisthoncana.formidabilis.1.png","http://upload.wikimedia.org/wikipedia/commons/0/0d/Distribution.opisthoncana.formidabilis.1.png","Opisthoncana"
"http://dbpedia.org/resource/Opisthoncus","Opisthoncus","Opisthoncus is a spider genus of the Salticidae family (jumping spiders). Many Australian species are as yet undescribed.","NULL","NULL","Arachnid","http://dbpedia.org/resource/Arachnid","NULL","NULL","NULL","NULL","{Jumping spider|Marpissinae}","{http://dbpedia.org/resource/Jumping_spider|http://dbpedia.org/resource/Marpissinae}","NULL","NULL","Animal","http://dbpedia.org/resource/Animal","Spider","http://dbpedia.org/resource/Spider","Arthropod","http://dbpedia.org/resource/Arthropod","NULL","NULL","NULL","200px-Picture_178_cropped.jpg","http://upload.wikimedia.org/wikipedia/commons/thumb/1/1f/Picture_178_cropped.jpg/200px-Picture_178_cropped.jpg","{animal|arachnid|eukaryote|species|owl#Thing}","{http://dbpedia.org/ontology/Animal|http://dbpedia.org/ontology/Arachnid|http://dbpedia.org/ontology/Eukaryote|http://dbpedia.org/ontology/Species|http://www.w3.org/2002/07/owl#Thing}","Picture_178_cropped.jpg","http://upload.wikimedia.org/wikipedia/commons/1/1f/Picture_178_cropped.jpg","NULL"
"http://dbpedia.org/resource/Orissania","Orissania","Orissania is a spider genus of the Salticidae family (jumping spiders). Its single described species is found in India.","NULL","NULL","Arachnid","http://dbpedia.org/resource/Arachnid","NULL","NULL","NULL","NULL","Jumping spider","http://dbpedia.org/resource/Jumping_spider","NULL","NULL","Animal","http://dbpedia.org/resource/Animal","Spider","http://dbpedia.org/resource/Spider","Arthropod","http://dbpedia.org/resource/Arthropod","NULL","NULL","NULL","NULL","NULL","{animal|arachnid|eukaryote|species|owl#Thing}","{http://dbpedia.org/ontology/Animal|http://dbpedia.org/ontology/Arachnid|http://dbpedia.org/ontology/Eukaryote|http://dbpedia.org/ontology/Species|http://www.w3.org/2002/07/owl#Thing}","NULL","NULL","Orissania"
"http://dbpedia.org/resource/Orsima","Orsima","Orsima is a spider genus of the Salticidae family (jumping spiders). O. ichneumon has been suggested to be a Polyrhachis ant mimic in reverse however a recent study dismissed this.","NULL","NULL","Arachnid","http://dbpedia.org/resource/Arachnid","NULL","NULL","NULL","NULL","{Heliophaninae|Jumping spider}","{http://dbpedia.org/resource/Heliophaninae|http://dbpedia.org/resource/Jumping_spider}","NULL","NULL","Animal","http://dbpedia.org/resource/Animal","Spider","http://dbpedia.org/resource/Spider","Arthropod","http://dbpedia.org/resource/Arthropod","NULL","NULL","NULL","NULL","NULL","{animal|arachnid|eukaryote|species|owl#Thing}","{http://dbpedia.org/ontology/Animal|http://dbpedia.org/ontology/Arachnid|http://dbpedia.org/ontology/Eukaryote|http://dbpedia.org/ontology/Species|http://www.w3.org/2002/07/owl#Thing}","NULL","NULL","Orsima"
"http://dbpedia.org/resource/Orvilleus","Orvilleus","Orvilleus is a spider genus of the Salticidae family (jumping spiders). The genus's lone-described species Orvilleus crassus is found only in Panama.","Arthur M. Chickering","http://dbpedia.org/resource/Arthur_M._Chickering","Arachnid","http://dbpedia.org/resource/Arachnid","NULL","NULL","NULL","NULL","{Hisponinae|Jumping spider}","{http://dbpedia.org/resource/Hisponinae|http://dbpedia.org/resource/Jumping_spider}","NULL","NULL","Animal","http://dbpedia.org/resource/Animal","Spider","http://dbpedia.org/resource/Spider","Arthropod","http://dbpedia.org/resource/Arthropod","NULL","NULL","NULL","NULL","NULL","{animal|arachnid|eukaryote|species|owl#Thing}","{http://dbpedia.org/ontology/Animal|http://dbpedia.org/ontology/Arachnid|http://dbpedia.org/ontology/Eukaryote|http://dbpedia.org/ontology/Species|http://www.w3.org/2002/07/owl#Thing}","NULL","NULL","Orvilleus"
"http://dbpedia.org/resource/Orthrus_(spider)","Orthrus (spider)","Orthrus is a spider genus of the Salticidae family (jumping spiders).","NULL","NULL","Arachnid","http://dbpedia.org/resource/Arachnid","NULL","NULL","NULL","NULL","{Amycinae|Jumping spider}","{http://dbpedia.org/resource/Amycinae|http://dbpedia.org/resource/Jumping_spider}","NULL","NULL","Animal","http://dbpedia.org/resource/Animal","Spider","http://dbpedia.org/resource/Spider","Arthropod","http://dbpedia.org/resource/Arthropod","NULL","NULL","NULL","NULL","NULL","{animal|arachnid|eukaryote|species|owl#Thing}","{http://dbpedia.org/ontology/Animal|http://dbpedia.org/ontology/Arachnid|http://dbpedia.org/ontology/Eukaryote|http://dbpedia.org/ontology/Species|http://www.w3.org/2002/07/owl#Thing}","NULL","NULL","''orthrus"
"http://dbpedia.org/resource/Apopyllus","Apopyllus","Apopyllus is a spider genus in the family Gnaphosidae.","NULL","NULL","Arachnid","http://dbpedia.org/resource/Arachnid","NULL","NULL","NULL","NULL","{Gnaphosoidea|Ground spider}","{http://dbpedia.org/resource/Gnaphosoidea|http://dbpedia.org/resource/Ground_spider}","NULL","NULL","Animal","http://dbpedia.org/resource/Animal","Spider","http://dbpedia.org/resource/Spider","Arthropod","http://dbpedia.org/resource/Arthropod","NULL","NULL","NULL","NULL","NULL","{animal|arachnid|eukaryote|species|owl#Thing}","{http://dbpedia.org/ontology/Animal|http://dbpedia.org/ontology/Arachnid|http://dbpedia.org/ontology/Eukaryote|http://dbpedia.org/ontology/Species|http://www.w3.org/2002/07/owl#Thing}","NULL","NULL","Apopyllus"
"http://dbpedia.org/resource/Galeodes","Galeodes","Galeodes is a genus of solifuges or sun spiders. The nearly 200 species in this genus are found in northern Africa southeastern Europe and Asia. Like other solifuges they are mainly nocturnal and found in arid habitats. The often have long hairy appendages and are not as stout bodied or dark and contrastingly coloured as some other solifuges. Some Galeodes species are able to produce sounds by stridulation.","NULL","NULL","Arachnid","http://dbpedia.org/resource/Arachnid","NULL","NULL","NULL","NULL","Galeodidae","http://dbpedia.org/resource/Galeodidae","NULL","NULL","Animal","http://dbpedia.org/resource/Animal","Solifugae","http://dbpedia.org/resource/Solifugae","Arthropod","http://dbpedia.org/resource/Arthropod","NULL","NULL","NULL","200px-SolifugeDaroji.jpg","http://upload.wikimedia.org/wikipedia/commons/thumb/e/e3/SolifugeDaroji.jpg/200px-SolifugeDaroji.jpg","{animal|arachnid|eukaryote|species|owl#Thing}","{http://dbpedia.org/ontology/Animal|http://dbpedia.org/ontology/Arachnid|http://dbpedia.org/ontology/Eukaryote|http://dbpedia.org/ontology/Species|http://www.w3.org/2002/07/owl#Thing}","SolifugeDaroji.jpg","http://upload.wikimedia.org/wikipedia/commons/e/e3/SolifugeDaroji.jpg","Galeodes"
"http://dbpedia.org/resource/Liponyssoides_sanguineus","Liponyssoides sanguineus","Liponyssoides sanguineus is a species of mite. It infests Mus musculus. It can transmit human disease. It can transmit Rickettsia akari which causes rickettsialpox. It was previously known as Allodermanyssus sanguineus.","NULL","NULL","{Acari|Arachnid}","{http://dbpedia.org/resource/Acari|http://dbpedia.org/resource/Arachnid}","NULL","NULL","NULL","NULL","Dermanyssidae","http://dbpedia.org/resource/Dermanyssidae","Dermanyssidae","http://dbpedia.org/resource/Dermanyssidae","Animal","http://dbpedia.org/resource/Animal","Mesostigmata","http://dbpedia.org/resource/Mesostigmata","Arthropod","http://dbpedia.org/resource/Arthropod","NULL","NULL","NULL","NULL","NULL","{animal|arachnid|eukaryote|species|owl#Thing}","{http://dbpedia.org/ontology/Animal|http://dbpedia.org/ontology/Arachnid|http://dbpedia.org/ontology/Eukaryote|http://dbpedia.org/ontology/Species|http://www.w3.org/2002/07/owl#Thing}","NULL","NULL","Liponyssoides sanguineus"
"http://dbpedia.org/resource/Sarcoptidae","Sarcoptidae","Sarcoptidae is a family of mites of which the most prominent are in the Genus Sarcoptes. Sarcoptic mange is caused by digging mites in that genus.","NULL","NULL","{Acari|Arachnid}","{http://dbpedia.org/resource/Acari|http://dbpedia.org/resource/Arachnid}","NULL","NULL","NULL","NULL","NULL","NULL","NULL","NULL","Animal","http://dbpedia.org/resource/Animal","Sarcoptiformes","http://dbpedia.org/resource/Sarcoptiformes","Arthropod","http://dbpedia.org/resource/Arthropod","NULL","NULL","NULL","NULL","NULL","{animal|arachnid|eukaryote|species|owl#Thing}","{http://dbpedia.org/ontology/Animal|http://dbpedia.org/ontology/Arachnid|http://dbpedia.org/ontology/Eukaryote|http://dbpedia.org/ontology/Species|http://www.w3.org/2002/07/owl#Thing}","NULL","NULL","NULL"
"http://dbpedia.org/resource/Pyroglyphidae","Pyroglyphidae","Pyroglyphidae is a family of mites.","NULL","NULL","{Acari|Arachnid}","{http://dbpedia.org/resource/Acari|http://dbpedia.org/resource/Arachnid}","NULL","NULL","NULL","NULL","Pyroglyphoidea","http://dbpedia.org/resource/Pyroglyphoidea","NULL","NULL","Animal","http://dbpedia.org/resource/Animal","Acariformes","http://dbpedia.org/resource/Acariformes","{Arthropod|Chelicerata}","{http://dbpedia.org/resource/Arthropod|http://dbpedia.org/resource/Chelicerata}","NULL","NULL","NULL","NULL","NULL","{animal|arachnid|eukaryote|species|owl#Thing}","{http://dbpedia.org/ontology/Animal|http://dbpedia.org/ontology/Arachnid|http://dbpedia.org/ontology/Eukaryote|http://dbpedia.org/ontology/Species|http://www.w3.org/2002/07/owl#Thing}","NULL","NULL","NULL"
"http://dbpedia.org/resource/Psoroptidae","Psoroptidae","Psoroptidae is a family of mites.","NULL","NULL","{Acari|Arachnid}","{http://dbpedia.org/resource/Acari|http://dbpedia.org/resource/Arachnid}","NULL","NULL","NULL","NULL","Sarcoptoidea","http://dbpedia.org/resource/Sarcoptoidea","NULL","NULL","Animal","http://dbpedia.org/resource/Animal","Sarcoptiformes","http://dbpedia.org/resource/Sarcoptiformes","Arthropod","http://dbpedia.org/resource/Arthropod","NULL","NULL","NULL","NULL","NULL","{animal|arachnid|eukaryote|species|owl#Thing}","{http://dbpedia.org/ontology/Animal|http://dbpedia.org/ontology/Arachnid|http://dbpedia.org/ontology/Eukaryote|http://dbpedia.org/ontology/Species|http://www.w3.org/2002/07/owl#Thing}","NULL","NULL","NULL"
"http://dbpedia.org/resource/Argas","Argas","Argas is a genus of tick.","NULL","NULL","{Acari|Arachnid}","{http://dbpedia.org/resource/Acari|http://dbpedia.org/resource/Arachnid}","NULL","NULL","NULL","NULL","Argasidae","http://dbpedia.org/resource/Argasidae","NULL","NULL","Animal","http://dbpedia.org/resource/Animal","Tick","http://dbpedia.org/resource/Tick","Arthropod","http://dbpedia.org/resource/Arthropod","NULL","NULL","NULL","200px-Argas_spec_columbidae.jpg","http://upload.wikimedia.org/wikipedia/commons/thumb/1/17/Argas_spec_columbidae.jpg/200px-Argas_spec_columbidae.jpg","{animal|arachnid|eukaryote|species|owl#Thing}","{http://dbpedia.org/ontology/Animal|http://dbpedia.org/ontology/Arachnid|http://dbpedia.org/ontology/Eukaryote|http://dbpedia.org/ontology/Species|http://www.w3.org/2002/07/owl#Thing}","Argas_spec_columbidae.jpg","http://upload.wikimedia.org/wikipedia/commons/1/17/Argas_spec_columbidae.jpg","Argas"
"http://dbpedia.org/resource/Trombidiformes","Trombidiformes","The Trombidiformes is a large diverse order of mites comprising around 125 families and more than 22000 described species. The group has few synapomorphies by which it can be defined unlike the other major group of acariform mites Sarcoptiformes. Its members include medically important mites and many agriculturally important species including the spider mites and gall mites. Trombidiformes can be divided into Sphaerolichida and Prostigmata.","NULL","NULL","{Acari|Arachnid}","{http://dbpedia.org/resource/Acari|http://dbpedia.org/resource/Arachnid}","NULL","NULL","NULL","NULL","NULL","NULL","NULL","NULL","Animal","http://dbpedia.org/resource/Animal","Acariformes","http://dbpedia.org/resource/Acariformes","Arthropod","http://dbpedia.org/resource/Arthropod","NULL","NULL","NULL","200px-Trombidium_holosericeum_(aka).jpg","http://upload.wikimedia.org/wikipedia/commons/thumb/8/8d/Trombidium_holosericeum_(aka).jpg/200px-Trombidium_holosericeum_(aka).jpg","{animal|arachnid|eukaryote|species|owl#Thing}","{http://dbpedia.org/ontology/Animal|http://dbpedia.org/ontology/Arachnid|http://dbpedia.org/ontology/Eukaryote|http://dbpedia.org/ontology/Species|http://www.w3.org/2002/07/owl#Thing}","Trombidium_holosericeum_(aka).jpg","http://upload.wikimedia.org/wikipedia/commons/8/8d/Trombidium_holosericeum_(aka).jpg","NULL"
"http://dbpedia.org/resource/Sarcoptiformes","Sarcoptiformes","Sarcoptiformes is an order of Acari comprising over 15000 described species in around 230 families which are divided into two suborders Oribatida and Astigmata.","NULL","NULL","{Acari|Arachnid}","{http://dbpedia.org/resource/Acari|http://dbpedia.org/resource/Arachnid}","NULL","NULL","NULL","NULL","NULL","NULL","NULL","NULL","Animal","http://dbpedia.org/resource/Animal","Acariformes","http://dbpedia.org/resource/Acariformes","Arthropod","http://dbpedia.org/resource/Arthropod","NULL","NULL","NULL","NULL","NULL","{animal|arachnid|eukaryote|species|owl#Thing}","{http://dbpedia.org/ontology/Animal|http://dbpedia.org/ontology/Arachnid|http://dbpedia.org/ontology/Eukaryote|http://dbpedia.org/ontology/Species|http://www.w3.org/2002/07/owl#Thing}","NULL","NULL","NULL"
"http://dbpedia.org/resource/Haemaphysalis","Haemaphysalis","Haemaphysalis is a genus of tick.","NULL","NULL","{Acari|Arachnid}","{http://dbpedia.org/resource/Acari|http://dbpedia.org/resource/Arachnid}","NULL","NULL","NULL","NULL","{Haemaphysalis|Ixodidae}","{http://dbpedia.org/resource/Haemaphysalis|http://dbpedia.org/resource/Ixodidae}","NULL","NULL","Animal","http://dbpedia.org/resource/Animal","Tick","http://dbpedia.org/resource/Tick","Arthropod","http://dbpedia.org/resource/Arthropod","NULL","NULL","NULL","200px-Haemaphysalis_longicornis_1.jpg","http://upload.wikimedia.org/wikipedia/commons/thumb/5/5a/Haemaphysalis_longicornis_1.jpg/200px-Haemaphysalis_longicornis_1.jpg","{animal|arachnid|eukaryote|species|owl#Thing}","{http://dbpedia.org/ontology/Animal|http://dbpedia.org/ontology/Arachnid|http://dbpedia.org/ontology/Eukaryote|http://dbpedia.org/ontology/Species|http://www.w3.org/2002/07/owl#Thing}","Haemaphysalis_longicornis_1.jpg","http://upload.wikimedia.org/wikipedia/commons/5/5a/Haemaphysalis_longicornis_1.jpg","Haemaphysalis"
"http://dbpedia.org/resource/Anystis","Anystis","Anystis is a genus of mite. It includes the species Anystis baccarum.","NULL","NULL","{Acari|Arachnid}","{http://dbpedia.org/resource/Acari|http://dbpedia.org/resource/Arachnid}","NULL","NULL","NULL","NULL","Anystidae","http://dbpedia.org/resource/Anystidae","NULL","NULL","Animal","http://dbpedia.org/resource/Animal","Trombidiformes","http://dbpedia.org/resource/Trombidiformes","Arthropod","http://dbpedia.org/resource/Arthropod","NULL","NULL","NULL","NULL","NULL","{animal|arachnid|eukaryote|species|owl#Thing}","{http://dbpedia.org/ontology/Animal|http://dbpedia.org/ontology/Arachnid|http://dbpedia.org/ontology/Eukaryote|http://dbpedia.org/ontology/Species|http://www.w3.org/2002/07/owl#Thing}","NULL","NULL","Anystis"
"http://dbpedia.org/resource/Eupodes","Eupodes","Eupodes is a genus of mites. It includes the species Eupodes minutus.","NULL","NULL","{Acari|Arachnid}","{http://dbpedia.org/resource/Acari|http://dbpedia.org/resource/Arachnid}","NULL","NULL","NULL","NULL","Eupodidae","http://dbpedia.org/resource/Eupodidae","NULL","NULL","Animal","http://dbpedia.org/resource/Animal","Trombidiformes","http://dbpedia.org/resource/Trombidiformes","Arthropod","http://dbpedia.org/resource/Arthropod","NULL","NULL","NULL","NULL","NULL","{animal|arachnid|eukaryote|species|owl#Thing}","{http://dbpedia.org/ontology/Animal|http://dbpedia.org/ontology/Arachnid|http://dbpedia.org/ontology/Eukaryote|http://dbpedia.org/ontology/Species|http://www.w3.org/2002/07/owl#Thing}","NULL","NULL","NULL"
"http://dbpedia.org/resource/Eleutherengonides","Eleutherengonides","Eleutherengonides is a group of mites ranked as a supercohort between the taxonomic rank of order and family.","NULL","NULL","{Acari|Arachnid}","{http://dbpedia.org/resource/Acari|http://dbpedia.org/resource/Arachnid}","NULL","NULL","NULL","NULL","NULL","NULL","NULL","NULL","Animal","http://dbpedia.org/resource/Animal","{Prostigmata|Trombidiformes}","{http://dbpedia.org/resource/Prostigmata|http://dbpedia.org/resource/Trombidiformes}","Arthropod","http://dbpedia.org/resource/Arthropod","NULL","NULL","NULL","NULL","NULL","{animal|arachnid|eukaryote|species|owl#Thing}","{http://dbpedia.org/ontology/Animal|http://dbpedia.org/ontology/Arachnid|http://dbpedia.org/ontology/Eukaryote|http://dbpedia.org/ontology/Species|http://www.w3.org/2002/07/owl#Thing}","NULL","NULL","NULL"
"http://dbpedia.org/resource/Parasitengona","Parasitengona","Parasitengona is a group of mites ranked as a cohort between the taxonomic rank of order and family.","NULL","NULL","{Acari|Arachnid}","{http://dbpedia.org/resource/Acari|http://dbpedia.org/resource/Arachnid}","NULL","NULL","NULL","NULL","NULL","NULL","NULL","NULL","Animal","http://dbpedia.org/resource/Animal","{Prostigmata|Trombidiformes}","{http://dbpedia.org/resource/Prostigmata|http://dbpedia.org/resource/Trombidiformes}","Arthropod","http://dbpedia.org/resource/Arthropod","NULL","NULL","NULL","NULL","NULL","{animal|arachnid|eukaryote|species|owl#Thing}","{http://dbpedia.org/ontology/Animal|http://dbpedia.org/ontology/Arachnid|http://dbpedia.org/ontology/Eukaryote|http://dbpedia.org/ontology/Species|http://www.w3.org/2002/07/owl#Thing}","NULL","NULL","NULL"
"http://dbpedia.org/resource/Opilioacarus","Opilioacarus","Opilioacarus is a genus of mites containing the following species: Opilioacarus bajacalifornicus Opilioacarus italicus Opilioacarus nicaraguensis Opilioacarus nohbecanus Opilioacarus ojastii Opilioacarus orghidani Opilioacarus platensis Opilioacarus segmentatus Opilioacarus siankaanensis Opilioacarus texanus Opilioacarus vanderhammeni","NULL","NULL","{Acari|Arachnid}","{http://dbpedia.org/resource/Acari|http://dbpedia.org/resource/Arachnid}","NULL","NULL","NULL","NULL","Opilioacariformes","http://dbpedia.org/resource/Opilioacariformes","NULL","NULL","Animal","http://dbpedia.org/resource/Animal","Opilioacariformes","http://dbpedia.org/resource/Opilioacariformes","Arthropod","http://dbpedia.org/resource/Arthropod","NULL","NULL","NULL","NULL","NULL","{animal|arachnid|eukaryote|species|owl#Thing}","{http://dbpedia.org/ontology/Animal|http://dbpedia.org/ontology/Arachnid|http://dbpedia.org/ontology/Eukaryote|http://dbpedia.org/ontology/Species|http://www.w3.org/2002/07/owl#Thing}","NULL","NULL","Opilioacarus"
"http://dbpedia.org/resource/Parasitus","Parasitus","Parasitus is a genus of mites in the family Parasitidae including the following species: Parasitus altaicus Parasitus americanus Parasitus amurensis Parasitus anomalus Parasitus apodius Parasitus arcticus Parasitus ascidiformis Parasitus asiaticus Parasitus azaleensis Parasitus bacoides Parasitus baoshanensis Parasitus berlesei Parasitus beta Parasitus bicornutus Parasitus bidigitalis Parasitus bifiditectus Parasitus bifurcus Parasitus bisiculus Parasitus bispinatus Parasitus brachychaetus Parasitus buccalis Parasitus burchanensis Parasitus capitaneus Parasitus celer Parasitus cervicornis Parasitus chortophilus Parasitus coleoptratorum Parasitus comelicensis Parasitus consanguineus Parasitus consors Parasitus convexus Parasitus copridis Parasitus coprofilus Parasitus cordiformis Parasitus crinitosimilis Parasitus crispus Parasitus davydovae Parasitus denenensis Parasitus digitalis Parasitus discoidalis Parasitus distinctus Parasitus dongbei Parasitus effigialis Parasitus emeishanensis Parasitus eucervicornis Parasitus exiguus Parasitus femoralis Parasitus fimetorum Parasitus flagellispinosus Parasitus flavolimbatus Parasitus formosanus Parasitus fragilis Parasitus furcatus Parasitus gansuensis Parasitus geotrupidis Parasitus haiyuanensis Parasitus himalayanus Parasitus hortivagus Parasitus hubeiensis Parasitus hyalinus Parasitus imitofragilis Parasitus inanis Parasitus insularius Parasitus islandicus Parasitus jamalensis Parasitus kempersi Parasitus kraepelini Parasitus lanceolatus Parasitus latobacoides Parasitus limulus Parasitus loricatus Parasitus lunariphilus Parasitus lunulatus Parasitus maguliaris Parasitus magus Parasitus majusculus Parasitus mengyangchunae Parasitus minus Parasitus miratectus Parasitus monticolus Parasitus multidenticulatus Parasitus multisetus Parasitus mustelarum Parasitus mycophilus Parasitus nanus Parasitus neglectus Parasitus nikolskyi Parasitus ningxiaensis Parasitus nolli Parasitus obscurus Parasitus oligochaetus Parasitus oudemansi Parasitus palmatus Parasitus papei Parasitus parvulus Parasitus pectospinosus Parasitus pinatus Parasitus pinguis Parasitus planicolus Parasitus plumosus Parasitus pollinerus Parasitus prosapialis Parasitus provincialis Parasitus pygmaeus Parasitus qiangorlosana Parasitus qinghaiensis Parasitus quadrichaetus Parasitus radialis Parasitus ramiferus Parasitus remberti Parasitus reticulatus Parasitus sakhalinensis Parasitus scirpiculatus Parasitus sichuanensis Parasitus similis Parasitus simplex Parasitus sinicus Parasitus solens Parasitus speculiger Parasitus squarrosus Parasitus stenoventralis Parasitus stepposus Parasitus subterraneus Parasitus subtropicus Parasitus tarsalis Parasitus tengkuofani Parasitus tenoriglans Parasitus tenuipilosus Parasitus tonpuensis Parasitus tridentatus Parasitus trifidus Parasitus trifurcatus Parasitus triramosus Parasitus trispinosus Parasitus trivialis Parasitus truncatus Parasitus turbinatus Parasitus unicornutus Parasitus wangdunqingi Parasitus wentinghuani Parasitus womersleyi Parasitus xinjiangensis Parasitus xiphoideus Parasitus yinchuanensis Parasitus zachvatkini Parasitus zhenningensis Parasitus zschokkei","NULL","NULL","{Acari|Arachnid}","{http://dbpedia.org/resource/Acari|http://dbpedia.org/resource/Arachnid}","NULL","NULL","NULL","NULL","Parasitidae","http://dbpedia.org/resource/Parasitidae","NULL","NULL","Animal","http://dbpedia.org/resource/Animal","Mesostigmata","http://dbpedia.org/resource/Mesostigmata","Arthropod","http://dbpedia.org/resource/Arthropod","NULL","NULL","NULL","NULL","NULL","{animal|arachnid|eukaryote|species|owl#Thing}","{http://dbpedia.org/ontology/Animal|http://dbpedia.org/ontology/Arachnid|http://dbpedia.org/ontology/Eukaryote|http://dbpedia.org/ontology/Species|http://www.w3.org/2002/07/owl#Thing}","NULL","NULL","Parasitus"
"http://dbpedia.org/resource/Heterostigmatina","Heterostigmatina","Heterostigmata is a grouping of mites.","NULL","NULL","Arachnid","http://dbpedia.org/resource/Arachnid","NULL","NULL","NULL","NULL","Eleutherengonides","http://dbpedia.org/resource/Eleutherengonides","NULL","NULL","Animal","http://dbpedia.org/resource/Animal","Trombidiformes","http://dbpedia.org/resource/Trombidiformes","Arthropod","http://dbpedia.org/resource/Arthropod","NULL","NULL","NULL","NULL","NULL","{animal|arachnid|eukaryote|species|owl#Thing}","{http://dbpedia.org/ontology/Animal|http://dbpedia.org/ontology/Arachnid|http://dbpedia.org/ontology/Eukaryote|http://dbpedia.org/ontology/Species|http://www.w3.org/2002/07/owl#Thing}","NULL","NULL","NULL"
"http://dbpedia.org/resource/Abacarus","Abacarus","Abacarus is a genus of acari including the following species: Abacarus acutatus Abacarus doctus Abacarus hystrix Abacarus lolii Abacarus sacchari #invoke: Navbox  navbox ","NULL","NULL","{Acari|Arachnid}","{http://dbpedia.org/resource/Acari|http://dbpedia.org/resource/Arachnid}","NULL","NULL","NULL","NULL","Eriophyidae","http://dbpedia.org/resource/Eriophyidae","NULL","NULL","Animal","http://dbpedia.org/resource/Animal","Prostigmata","http://dbpedia.org/resource/Prostigmata","{Arthropod|Chelicerata}","{http://dbpedia.org/resource/Arthropod|http://dbpedia.org/resource/Chelicerata}","NULL","NULL","NULL","200px-FreeImagefromCSIROEnto_AustralianInsectCommonNames_Abacarus-hystrix.jpg","http://upload.wikimedia.org/wikipedia/commons/thumb/2/2a/FreeImagefromCSIROEnto_AustralianInsectCommonNames_Abacarus-hystrix.jpg/200px-FreeImagefromCSIROEnto_AustralianInsectCommonNames_Abacarus-hystrix.jpg","{animal|arachnid|eukaryote|species|owl#Thing}","{http://dbpedia.org/ontology/Animal|http://dbpedia.org/ontology/Arachnid|http://dbpedia.org/ontology/Eukaryote|http://dbpedia.org/ontology/Species|http://www.w3.org/2002/07/owl#Thing}","FreeImagefromCSIROEnto_AustralianInsectCommonNames_Abacarus-hystrix.jpg","http://upload.wikimedia.org/wikipedia/commons/2/2a/FreeImagefromCSIROEnto_AustralianInsectCommonNames_Abacarus-hystrix.jpg","Abacarus"
"http://dbpedia.org/resource/Androlaelaps","Androlaelaps","Androlaelaps is a genus of mites in the family Laelapidae.","NULL","NULL","{Acari|Arachnid}","{http://dbpedia.org/resource/Acari|http://dbpedia.org/resource/Arachnid}","NULL","NULL","NULL","NULL","Laelapidae","http://dbpedia.org/resource/Laelapidae","NULL","NULL","Animal","http://dbpedia.org/resource/Animal","Mesostigmata","http://dbpedia.org/resource/Mesostigmata","Arthropod","http://dbpedia.org/resource/Arthropod","NULL","NULL","NULL","NULL","NULL","{animal|arachnid|eukaryote|species|owl#Thing}","{http://dbpedia.org/ontology/Animal|http://dbpedia.org/ontology/Arachnid|http://dbpedia.org/ontology/Eukaryote|http://dbpedia.org/ontology/Species|http://www.w3.org/2002/07/owl#Thing}","NULL","NULL","NULL"
"http://dbpedia.org/resource/Eriophyes","Eriophyes","Eriophyes is a genus of acari.","NULL","NULL","{Acari|Arachnid}","{http://dbpedia.org/resource/Acari|http://dbpedia.org/resource/Arachnid}","NULL","NULL","NULL","NULL","Eriophyidae","http://dbpedia.org/resource/Eriophyidae","NULL","NULL","Animal","http://dbpedia.org/resource/Animal","Prostigmata","http://dbpedia.org/resource/Prostigmata","Arthropod","http://dbpedia.org/resource/Arthropod","NULL","NULL","NULL","200px-Eriophyes_tilae_tilae_detail.JPG","http://upload.wikimedia.org/wikipedia/commons/thumb/a/a2/Eriophyes_tilae_tilae_detail.JPG/200px-Eriophyes_tilae_tilae_detail.JPG","{animal|arachnid|eukaryote|species|owl#Thing}","{http://dbpedia.org/ontology/Animal|http://dbpedia.org/ontology/Arachnid|http://dbpedia.org/ontology/Eukaryote|http://dbpedia.org/ontology/Species|http://www.w3.org/2002/07/owl#Thing}","Eriophyes_tilae_tilae_detail.JPG","http://upload.wikimedia.org/wikipedia/commons/a/a2/Eriophyes_tilae_tilae_detail.JPG","Eriophyes"
"http://dbpedia.org/resource/Bdelloidea_(mites)","Bdelloidea (mites)","Bdelloidea is a superfamily of mites containing the two families Bdellidae and Cunaxidae.","NULL","NULL","Arachnid","http://dbpedia.org/resource/Arachnid","NULL","NULL","NULL","NULL","NULL","NULL","NULL","NULL","Animal","http://dbpedia.org/resource/Animal","{Prostigmata|Trombidiformes}","{http://dbpedia.org/resource/Prostigmata|http://dbpedia.org/resource/Trombidiformes}","Arthropod","http://dbpedia.org/resource/Arthropod","NULL","NULL","NULL","NULL","NULL","{animal|arachnid|eukaryote|species|owl#Thing}","{http://dbpedia.org/ontology/Animal|http://dbpedia.org/ontology/Arachnid|http://dbpedia.org/ontology/Eukaryote|http://dbpedia.org/ontology/Species|http://www.w3.org/2002/07/owl#Thing}","NULL","NULL","Bdelloidea"
"http://dbpedia.org/resource/Bdellodes","Bdellodes","Bdellodes is a genus of mites including the species Bdellodes lapidaria.","NULL","NULL","{Acari|Arachnid}","{http://dbpedia.org/resource/Acari|http://dbpedia.org/resource/Arachnid}","NULL","NULL","NULL","NULL","Bdellidae","http://dbpedia.org/resource/Bdellidae","NULL","NULL","Animal","http://dbpedia.org/resource/Animal","Trombidiformes","http://dbpedia.org/resource/Trombidiformes","Arthropod","http://dbpedia.org/resource/Arthropod","NULL","NULL","NULL","NULL","NULL","{animal|arachnid|eukaryote|species|owl#Thing}","{http://dbpedia.org/ontology/Animal|http://dbpedia.org/ontology/Arachnid|http://dbpedia.org/ontology/Eukaryote|http://dbpedia.org/ontology/Species|http://www.w3.org/2002/07/owl#Thing}","NULL","NULL","Bdellodes"
"http://dbpedia.org/resource/Hydrachnidiae","Hydrachnidiae","Hydrachnidiae are a group of mites containing over 5000 species found in freshwater habitat.","NULL","NULL","{Acari|Arachnid}","{http://dbpedia.org/resource/Acari|http://dbpedia.org/resource/Arachnid}","NULL","NULL","NULL","NULL","NULL","NULL","NULL","NULL","Animal","http://dbpedia.org/resource/Animal","{Prostigmata|Trombidiformes}","{http://dbpedia.org/resource/Prostigmata|http://dbpedia.org/resource/Trombidiformes}","Arthropod","http://dbpedia.org/resource/Arthropod","NULL","NULL","{* Hydracarina|* Hydrachnellae|* Hydrachnidia}","200px-Hydrachnidia.jpg","http://upload.wikimedia.org/wikipedia/commons/thumb/d/df/Hydrachnidia.jpg/200px-Hydrachnidia.jpg","{animal|arachnid|eukaryote|species|owl#Thing}","{http://dbpedia.org/ontology/Animal|http://dbpedia.org/ontology/Arachnid|http://dbpedia.org/ontology/Eukaryote|http://dbpedia.org/ontology/Species|http://www.w3.org/2002/07/owl#Thing}","Hydrachnidia.jpg","http://upload.wikimedia.org/wikipedia/commons/d/df/Hydrachnidia.jpg","NULL"
"http://dbpedia.org/resource/Holothyrus","Holothyrus","Holothyrus is a genus of mites in the order Holothyrida. It includes two species Holothyrus coccinella and Holothyrus legendrei.","NULL","NULL","{Acari|Arachnid}","{http://dbpedia.org/resource/Acari|http://dbpedia.org/resource/Arachnid}","NULL","NULL","NULL","NULL","Holothyridae","http://dbpedia.org/resource/Holothyridae","NULL","NULL","Animal","http://dbpedia.org/resource/Animal","Holothyrida","http://dbpedia.org/resource/Holothyrida","Arthropod","http://dbpedia.org/resource/Arthropod","NULL","NULL","NULL","NULL","NULL","{animal|arachnid|eukaryote|species|owl#Thing}","{http://dbpedia.org/ontology/Animal|http://dbpedia.org/ontology/Arachnid|http://dbpedia.org/ontology/Eukaryote|http://dbpedia.org/ontology/Species|http://www.w3.org/2002/07/owl#Thing}","NULL","NULL","NULL"
"http://dbpedia.org/resource/Calyptostoma","Calyptostoma","Calyptostoma is a genus of mites.","NULL","NULL","{Acari|Arachnid}","{http://dbpedia.org/resource/Acari|http://dbpedia.org/resource/Arachnid}","NULL","NULL","NULL","NULL","NULL","NULL","NULL","NULL","Animal","http://dbpedia.org/resource/Animal","Trombidiformes","http://dbpedia.org/resource/Trombidiformes","Arthropod","http://dbpedia.org/resource/Arthropod","NULL","NULL","NULL","NULL","NULL","{animal|arachnid|eukaryote|species|owl#Thing}","{http://dbpedia.org/ontology/Animal|http://dbpedia.org/ontology/Arachnid|http://dbpedia.org/ontology/Eukaryote|http://dbpedia.org/ontology/Species|http://www.w3.org/2002/07/owl#Thing}","NULL","NULL","Calyptostoma"
"http://dbpedia.org/resource/Alycus","Alycus","Alycus is a genus of mite including the species Alycus roseus.","NULL","NULL","{Acari|Arachnid}","{http://dbpedia.org/resource/Acari|http://dbpedia.org/resource/Arachnid}","NULL","NULL","NULL","NULL","Alycidae","http://dbpedia.org/resource/Alycidae","NULL","NULL","Animal","http://dbpedia.org/resource/Animal","Trombidiformes","http://dbpedia.org/resource/Trombidiformes","Arthropod","http://dbpedia.org/resource/Arthropod","NULL","NULL","NULL","NULL","NULL","{animal|arachnid|eukaryote|species|owl#Thing}","{http://dbpedia.org/ontology/Animal|http://dbpedia.org/ontology/Arachnid|http://dbpedia.org/ontology/Eukaryote|http://dbpedia.org/ontology/Species|http://www.w3.org/2002/07/owl#Thing}","NULL","NULL","Alycus"
"http://dbpedia.org/resource/Tyrophagus","Tyrophagus","Tyrophagus is a genus of mites in the family Acaridae.","NULL","NULL","{Acari|Arachnid}","{http://dbpedia.org/resource/Acari|http://dbpedia.org/resource/Arachnid}","NULL","NULL","NULL","NULL","Acaridae","http://dbpedia.org/resource/Acaridae","NULL","NULL","Animal","http://dbpedia.org/resource/Animal","Sarcoptiformes","http://dbpedia.org/resource/Sarcoptiformes","Arthropod","http://dbpedia.org/resource/Arthropod","NULL","NULL","NULL","NULL","NULL","{animal|arachnid|eukaryote|species|owl#Thing}","{http://dbpedia.org/ontology/Animal|http://dbpedia.org/ontology/Arachnid|http://dbpedia.org/ontology/Eukaryote|http://dbpedia.org/ontology/Species|http://www.w3.org/2002/07/owl#Thing}","NULL","NULL","NULL"
"http://dbpedia.org/resource/Histiostoma","Histiostoma","Histiostoma is a genus of mites including the species Histiostoma polypori.","NULL","NULL","{Acari|Arachnid}","{http://dbpedia.org/resource/Acari|http://dbpedia.org/resource/Arachnid}","NULL","NULL","NULL","NULL","{Astigmatina|Histiostomatidae}","{http://dbpedia.org/resource/Astigmatina|http://dbpedia.org/resource/Histiostomatidae}","NULL","NULL","Animal","http://dbpedia.org/resource/Animal","Sarcoptiformes","http://dbpedia.org/resource/Sarcoptiformes","Arthropod","http://dbpedia.org/resource/Arthropod","NULL","NULL","NULL","NULL","NULL","{animal|arachnid|eukaryote|species|owl#Thing}","{http://dbpedia.org/ontology/Animal|http://dbpedia.org/ontology/Arachnid|http://dbpedia.org/ontology/Eukaryote|http://dbpedia.org/ontology/Species|http://www.w3.org/2002/07/owl#Thing}","NULL","NULL","Histiostoma"
"http://dbpedia.org/resource/Sarcoptoidea","Sarcoptoidea","Sarcoptoidea is a superfamily of mites including many associated with mammals.","NULL","NULL","{Acari|Arachnid}","{http://dbpedia.org/resource/Acari|http://dbpedia.org/resource/Arachnid}","NULL","NULL","NULL","NULL","NULL","NULL","NULL","NULL","Animal","http://dbpedia.org/resource/Animal","Sarcoptiformes","http://dbpedia.org/resource/Sarcoptiformes","Arthropod","http://dbpedia.org/resource/Arthropod","NULL","NULL","NULL","NULL","NULL","{animal|arachnid|eukaryote|species|owl#Thing}","{http://dbpedia.org/ontology/Animal|http://dbpedia.org/ontology/Arachnid|http://dbpedia.org/ontology/Eukaryote|http://dbpedia.org/ontology/Species|http://www.w3.org/2002/07/owl#Thing}","NULL","NULL","NULL"
"http://dbpedia.org/resource/Macronyssidae","Macronyssidae","Macronyssidae is a family of parasitic mites in the order Mesostigmata.","NULL","NULL","{Acari|Arachnid}","{http://dbpedia.org/resource/Acari|http://dbpedia.org/resource/Arachnid}","NULL","NULL","NULL","NULL","Dermanyssoidea","http://dbpedia.org/resource/Dermanyssoidea","NULL","NULL","Animal","http://dbpedia.org/resource/Animal","Mesostigmata","http://dbpedia.org/resource/Mesostigmata","Arthropod","http://dbpedia.org/resource/Arthropod","NULL","NULL","NULL","NULL","NULL","{animal|arachnid|eukaryote|species|owl#Thing}","{http://dbpedia.org/ontology/Animal|http://dbpedia.org/ontology/Arachnid|http://dbpedia.org/ontology/Eukaryote|http://dbpedia.org/ontology/Species|http://www.w3.org/2002/07/owl#Thing}","NULL","NULL","NULL"
"http://dbpedia.org/resource/Laelapidae","Laelapidae","Laelapidae is a family of mites in the order Mesostigmata. The family is also referred to in the literature as Laelaptidae and this may be the correct spelling.","NULL","NULL","{Acari|Arachnid}","{http://dbpedia.org/resource/Acari|http://dbpedia.org/resource/Arachnid}","NULL","NULL","NULL","NULL","Dermanyssoidea","http://dbpedia.org/resource/Dermanyssoidea","NULL","NULL","Animal","http://dbpedia.org/resource/Animal","Mesostigmata","http://dbpedia.org/resource/Mesostigmata","Arthropod","http://dbpedia.org/resource/Arthropod","NULL","NULL","NULL","NULL","NULL","{animal|arachnid|eukaryote|species|owl#Thing}","{http://dbpedia.org/ontology/Animal|http://dbpedia.org/ontology/Arachnid|http://dbpedia.org/ontology/Eukaryote|http://dbpedia.org/ontology/Species|http://www.w3.org/2002/07/owl#Thing}","NULL","NULL","NULL"
"http://dbpedia.org/resource/Hottentotta_tamulus","Hottentotta tamulus","Hottentotta tamulus the Indian red scorpion (also known as eastern Indian scorpion) is a species of scorpion belonging to the family Buthidae. It occurs in most of India eastern Pakistan and the eastern lowlands of Nepal.","NULL","NULL","Arachnid","http://dbpedia.org/resource/Arachnid","NULL","NULL","NULL","NULL","Buthidae","http://dbpedia.org/resource/Buthidae","Hottentotta","http://dbpedia.org/resource/Hottentotta","Animal","http://dbpedia.org/resource/Animal","Scorpion","http://dbpedia.org/resource/Scorpion","{Arthropod|Chelicerata}","{http://dbpedia.org/resource/Arthropod|http://dbpedia.org/resource/Chelicerata}","NULL","NULL","{*H. tamulus concanensis (Pocock 1900)|*H. tamulus gangeticus (Pocock 1900)|*H. tamulus gujaratensis (Pocock 1900)|*H. tamulus sindicus (Pocock 1900)}","NULL","NULL","{animal|arachnid|eukaryote|species|owl#Thing}","{http://dbpedia.org/ontology/Animal|http://dbpedia.org/ontology/Arachnid|http://dbpedia.org/ontology/Eukaryote|http://dbpedia.org/ontology/Species|http://www.w3.org/2002/07/owl#Thing}","NULL","NULL","NULL"
"http://dbpedia.org/resource/Ananteris_sabineae","Ananteris sabineae","Ananteris sabineae is a species of scorpion. It has a pale pigmentation of its pedipalps and legs and a dark pigmentation of its carapace. It also has less yellow spots. It is closely related to Ananteris pydanieli.","NULL","NULL","Arachnid","http://dbpedia.org/resource/Arachnid","NULL","NULL","NULL","NULL","Buthidae","http://dbpedia.org/resource/Buthidae","Ananteris","http://dbpedia.org/resource/Ananteris","Animal","http://dbpedia.org/resource/Animal","Scorpion","http://dbpedia.org/resource/Scorpion","Arthropod","http://dbpedia.org/resource/Arthropod","NULL","NULL","NULL","NULL","NULL","{animal|arachnid|eukaryote|species|owl#Thing}","{http://dbpedia.org/ontology/Animal|http://dbpedia.org/ontology/Arachnid|http://dbpedia.org/ontology/Eukaryote|http://dbpedia.org/ontology/Species|http://www.w3.org/2002/07/owl#Thing}","NULL","NULL","Ananteris sabineae"
"http://dbpedia.org/resource/Six-spotted_fishing_spider","Six-spotted fishing spider","The six-spotted fishing spider Dolomedes triton is an arachnid from the nursery web spider family Pisauridae. This species is from the genus Dolomedes the fishing spiders. This species of fishing spider is named after the mythological Greek god Triton who is the messenger of the big sea and the son of Poseidon.","Charles Athanase Walckenaer","http://dbpedia.org/resource/Charles_Athanase_Walckenaer","Arachnid","http://dbpedia.org/resource/Arachnid","NULL","NULL","NULL","NULL","Nursery web spider","http://dbpedia.org/resource/Nursery_web_spider","Dolomedes","http://dbpedia.org/resource/Dolomedes","Animal","http://dbpedia.org/resource/Animal","Spider","http://dbpedia.org/resource/Spider","Arthropod","http://dbpedia.org/resource/Arthropod","NULL","NULL","NULL","200px-Dolomedes_triton_Standing_on_the_Water_-_June_2011.jpg","http://upload.wikimedia.org/wikipedia/commons/thumb/b/bf/Dolomedes_triton_Standing_on_the_Water_-_June_2011.jpg/200px-Dolomedes_triton_Standing_on_the_Water_-_June_2011.jpg","{animal|arachnid|eukaryote|species|owl#Thing}","{http://dbpedia.org/ontology/Animal|http://dbpedia.org/ontology/Arachnid|http://dbpedia.org/ontology/Eukaryote|http://dbpedia.org/ontology/Species|http://www.w3.org/2002/07/owl#Thing}","Dolomedes_triton_Standing_on_the_Water_-_June_2011.jpg","http://upload.wikimedia.org/wikipedia/commons/b/bf/Dolomedes_triton_Standing_on_the_Water_-_June_2011.jpg","NULL"
"http://dbpedia.org/resource/Zealanapis","Zealanapis","Zealanapis is a spider genus in the family Anapidae found in New Zealand.","NULL","NULL","Arachnid","http://dbpedia.org/resource/Arachnid","NULL","NULL","NULL","NULL","{Anapidae|Araneoidea}","{http://dbpedia.org/resource/Anapidae|http://dbpedia.org/resource/Araneoidea}","NULL","NULL","Animal","http://dbpedia.org/resource/Animal","{Araneomorphae|Spider}","{http://dbpedia.org/resource/Araneomorphae|http://dbpedia.org/resource/Spider}","Arthropod","http://dbpedia.org/resource/Arthropod","NULL","NULL","NULL","200px-Zealanapis_male_dorsal.jpg","http://upload.wikimedia.org/wikipedia/commons/thumb/a/a0/Zealanapis_male_dorsal.jpg/200px-Zealanapis_male_dorsal.jpg","{animal|arachnid|eukaryote|species|owl#Thing}","{http://dbpedia.org/ontology/Animal|http://dbpedia.org/ontology/Arachnid|http://dbpedia.org/ontology/Eukaryote|http://dbpedia.org/ontology/Species|http://www.w3.org/2002/07/owl#Thing}","Zealanapis_male_dorsal.jpg","http://upload.wikimedia.org/wikipedia/commons/a/a0/Zealanapis_male_dorsal.jpg","NULL"
"http://dbpedia.org/resource/Zealanapis_australis","Zealanapis australis","Zealanapis australis is a spider species in the genus Zealanapis found in New Zealand.","{1951 in science|Raymond Robert Forster}","{http://dbpedia.org/resource/1951_in_science|http://dbpedia.org/resource/Raymond_Robert_Forster}","Arachnid","http://dbpedia.org/resource/Arachnid","NULL","NULL","NULL","NULL","{Anapidae|Araneoidea}","{http://dbpedia.org/resource/Anapidae|http://dbpedia.org/resource/Araneoidea}","NULL","NULL","Animal","http://dbpedia.org/resource/Animal","{Araneomorphae|Spider}","{http://dbpedia.org/resource/Araneomorphae|http://dbpedia.org/resource/Spider}","Arthropod","http://dbpedia.org/resource/Arthropod","NULL","NULL","{Zealanapis australis (Forster 1951) Platnick & Forster 1989|Chasmocephalon australis Forster 1951}","NULL","NULL","{animal|arachnid|eukaryote|species|owl#Thing}","{http://dbpedia.org/ontology/Animal|http://dbpedia.org/ontology/Arachnid|http://dbpedia.org/ontology/Eukaryote|http://dbpedia.org/ontology/Species|http://www.w3.org/2002/07/owl#Thing}","NULL","NULL","NULL"
"http://dbpedia.org/resource/Ananteris_pydanieli","Ananteris pydanieli","Ananteris pydanieli is a species of scorpion from Brazilian Amazonia. It is a member of the Buthidae family.","NULL","NULL","Arachnid","http://dbpedia.org/resource/Arachnid","NULL","NULL","NULL","NULL","Buthidae","http://dbpedia.org/resource/Buthidae","Ananteris","http://dbpedia.org/resource/Ananteris","Animal","http://dbpedia.org/resource/Animal","Scorpion","http://dbpedia.org/resource/Scorpion","Arthropod","http://dbpedia.org/resource/Arthropod","NULL","NULL","NULL","NULL","NULL","{animal|arachnid|eukaryote|species|owl#Thing}","{http://dbpedia.org/ontology/Animal|http://dbpedia.org/ontology/Arachnid|http://dbpedia.org/ontology/Eukaryote|http://dbpedia.org/ontology/Species|http://www.w3.org/2002/07/owl#Thing}","NULL","NULL","Ananteris pydanieli"
"http://dbpedia.org/resource/Heterometrus","Heterometrus","Heterometrus which members are also known by the collective vernacular name giant forest scorpions is a genus of scorpion belonging to the family Scorpionidae. It is distributed widely across tropical and subtropical southeastern Asia including Cambodia Laos Thailand Vietnam as well as India Sri Lanka Nepal and China. It is notable for containing some of the largest living species of scorpions.","NULL","NULL","Arachnid","http://dbpedia.org/resource/Arachnid","NULL","NULL","NULL","NULL","{Scorpionidae|Scorpioninae}","{http://dbpedia.org/resource/Scorpionidae|http://dbpedia.org/resource/Scorpioninae}","NULL","NULL","Animal","http://dbpedia.org/resource/Animal","Scorpion","http://dbpedia.org/resource/Scorpion","Arthropod","http://dbpedia.org/resource/Arthropod","NULL","NULL","{* Heterometrus (Chersonesometrus) Couzijn 1978|* Heterometrus (Gigantometrus) Couzijn 1978|* Heterometrus (Javanimetrus) Couzijn 1981|* Heterometrus (Srilankametrus) Couzijn 1981|* Palamnaeus Thorell 1876}","200px-Herbst_plate1.jpg","http://upload.wikimedia.org/wikipedia/commons/thumb/a/aa/Herbst_plate1.jpg/200px-Herbst_plate1.jpg","{animal|arachnid|eukaryote|species|owl#Thing}","{http://dbpedia.org/ontology/Animal|http://dbpedia.org/ontology/Arachnid|http://dbpedia.org/ontology/Eukaryote|http://dbpedia.org/ontology/Species|http://www.w3.org/2002/07/owl#Thing}","Herbst_plate1.jpg","http://upload.wikimedia.org/wikipedia/commons/a/aa/Herbst_plate1.jpg","Heterometrus"
"http://dbpedia.org/resource/Acantholycosa","Acantholycosa","Acantholycosa is a genus of wolf spiders. Members of this genus can be distinguished from closely related genera by the presence of more than three pairs of ventral tibial spines on each front leg.","NULL","NULL","Arachnid","http://dbpedia.org/resource/Arachnid","NULL","NULL","NULL","NULL","{Lycosoidea|Pardosinae|Wolf spider}","{http://dbpedia.org/resource/Lycosoidea|http://dbpedia.org/resource/Pardosinae|http://dbpedia.org/resource/Wolf_spider}","NULL","NULL","Animal","http://dbpedia.org/resource/Animal","Spider","http://dbpedia.org/resource/Spider","Arthropod","http://dbpedia.org/resource/Arthropod","NULL","NULL","NULL","NULL","NULL","{animal|arachnid|eukaryote|species|owl#Thing}","{http://dbpedia.org/ontology/Animal|http://dbpedia.org/ontology/Arachnid|http://dbpedia.org/ontology/Eukaryote|http://dbpedia.org/ontology/Species|http://www.w3.org/2002/07/owl#Thing}","NULL","NULL","NULL"
"http://dbpedia.org/resource/Scoloderus","Scoloderus","Scoloderus is a genus of orb-weaving spider of the family Araneidae which feed largely on nocturnal moths. Scoloderus spiders make a ladder type nest with vertical extensions of sticky orbs above and below the circumference of the primary orb. When a moth strikes the web it slides down the ladder leaving behind scales on the sticky silk till it is completely ensnared.","NULL","NULL","Arachnid","http://dbpedia.org/resource/Arachnid","NULL","NULL","NULL","NULL","Orb-weaver spider","http://dbpedia.org/resource/Orb-weaver_spider","NULL","NULL","Animal","http://dbpedia.org/resource/Animal","Spider","http://dbpedia.org/resource/Spider","Arthropod","http://dbpedia.org/resource/Arthropod","NULL","NULL","NULL","NULL","NULL","{animal|arachnid|eukaryote|species|owl#Thing}","{http://dbpedia.org/ontology/Animal|http://dbpedia.org/ontology/Arachnid|http://dbpedia.org/ontology/Eukaryote|http://dbpedia.org/ontology/Species|http://www.w3.org/2002/07/owl#Thing}","NULL","NULL","Scoloderus"
"http://dbpedia.org/resource/Sinolaelaps","Sinolaelaps","Sinolaelaps is a genus of mites in the family Laelapidae.","NULL","NULL","{Acari|Arachnid}","{http://dbpedia.org/resource/Acari|http://dbpedia.org/resource/Arachnid}","NULL","NULL","NULL","NULL","Laelapidae","http://dbpedia.org/resource/Laelapidae","NULL","NULL","Animal","http://dbpedia.org/resource/Animal","Mesostigmata","http://dbpedia.org/resource/Mesostigmata","Arthropod","http://dbpedia.org/resource/Arthropod","NULL","NULL","NULL","NULL","NULL","{animal|arachnid|eukaryote|species|owl#Thing}","{http://dbpedia.org/ontology/Animal|http://dbpedia.org/ontology/Arachnid|http://dbpedia.org/ontology/Eukaryote|http://dbpedia.org/ontology/Species|http://www.w3.org/2002/07/owl#Thing}","NULL","NULL","NULL"
"http://dbpedia.org/resource/Sphaeroseius","Sphaeroseius","Sphaeroseius is a genus of mites in the family Laelapidae.","NULL","NULL","{Acari|Arachnid}","{http://dbpedia.org/resource/Acari|http://dbpedia.org/resource/Arachnid}","NULL","NULL","NULL","NULL","Laelapidae","http://dbpedia.org/resource/Laelapidae","NULL","NULL","Animal","http://dbpedia.org/resource/Animal","Mesostigmata","http://dbpedia.org/resource/Mesostigmata","Arthropod","http://dbpedia.org/resource/Arthropod","NULL","NULL","NULL","NULL","NULL","{animal|arachnid|eukaryote|species|owl#Thing}","{http://dbpedia.org/ontology/Animal|http://dbpedia.org/ontology/Arachnid|http://dbpedia.org/ontology/Eukaryote|http://dbpedia.org/ontology/Species|http://www.w3.org/2002/07/owl#Thing}","NULL","NULL","NULL"
"http://dbpedia.org/resource/Stamfordia","Stamfordia","Stamfordia is a genus of mites in the family Laelapidae.","NULL","NULL","{Acari|Arachnid}","{http://dbpedia.org/resource/Acari|http://dbpedia.org/resource/Arachnid}","NULL","NULL","NULL","NULL","Laelapidae","http://dbpedia.org/resource/Laelapidae","NULL","NULL","Animal","http://dbpedia.org/resource/Animal","Mesostigmata","http://dbpedia.org/resource/Mesostigmata","Arthropod","http://dbpedia.org/resource/Arthropod","NULL","NULL","NULL","NULL","NULL","{animal|arachnid|eukaryote|species|owl#Thing}","{http://dbpedia.org/ontology/Animal|http://dbpedia.org/ontology/Arachnid|http://dbpedia.org/ontology/Eukaryote|http://dbpedia.org/ontology/Species|http://www.w3.org/2002/07/owl#Thing}","NULL","NULL","NULL"
"http://dbpedia.org/resource/Steptolaelaps","Steptolaelaps","Steptolaelaps is a genus of mites in the family Laelapidae.","NULL","NULL","{Acari|Arachnid}","{http://dbpedia.org/resource/Acari|http://dbpedia.org/resource/Arachnid}","NULL","NULL","NULL","NULL","Laelapidae","http://dbpedia.org/resource/Laelapidae","NULL","NULL","Animal","http://dbpedia.org/resource/Animal","Mesostigmata","http://dbpedia.org/resource/Mesostigmata","Arthropod","http://dbpedia.org/resource/Arthropod","NULL","NULL","NULL","NULL","NULL","{animal|arachnid|eukaryote|species|owl#Thing}","{http://dbpedia.org/ontology/Animal|http://dbpedia.org/ontology/Arachnid|http://dbpedia.org/ontology/Eukaryote|http://dbpedia.org/ontology/Species|http://www.w3.org/2002/07/owl#Thing}","NULL","NULL","NULL"
"http://dbpedia.org/resource/Sternolaelaps","Sternolaelaps","Sternolaelaps is a genus of mites in the family Laelapidae.","NULL","NULL","{Acari|Arachnid}","{http://dbpedia.org/resource/Acari|http://dbpedia.org/resource/Arachnid}","NULL","NULL","NULL","NULL","Laelapidae","http://dbpedia.org/resource/Laelapidae","NULL","NULL","Animal","http://dbpedia.org/resource/Animal","Mesostigmata","http://dbpedia.org/resource/Mesostigmata","Arthropod","http://dbpedia.org/resource/Arthropod","NULL","NULL","NULL","NULL","NULL","{animal|arachnid|eukaryote|species|owl#Thing}","{http://dbpedia.org/ontology/Animal|http://dbpedia.org/ontology/Arachnid|http://dbpedia.org/ontology/Eukaryote|http://dbpedia.org/ontology/Species|http://www.w3.org/2002/07/owl#Thing}","NULL","NULL","NULL"
"http://dbpedia.org/resource/Stevelus","Stevelus","Stevelus is a genus of mites in the family Laelapidae.","NULL","NULL","{Acari|Arachnid}","{http://dbpedia.org/resource/Acari|http://dbpedia.org/resource/Arachnid}","NULL","NULL","NULL","NULL","Laelapidae","http://dbpedia.org/resource/Laelapidae","NULL","NULL","Animal","http://dbpedia.org/resource/Animal","Mesostigmata","http://dbpedia.org/resource/Mesostigmata","Arthropod","http://dbpedia.org/resource/Arthropod","NULL","NULL","NULL","NULL","NULL","{animal|arachnid|eukaryote|species|owl#Thing}","{http://dbpedia.org/ontology/Animal|http://dbpedia.org/ontology/Arachnid|http://dbpedia.org/ontology/Eukaryote|http://dbpedia.org/ontology/Species|http://www.w3.org/2002/07/owl#Thing}","NULL","NULL","NULL"
"http://dbpedia.org/resource/Stigmatolaelaps","Stigmatolaelaps","Stigmatolaelaps is a genus of mites in the family Laelapidae.","NULL","NULL","{Acari|Arachnid}","{http://dbpedia.org/resource/Acari|http://dbpedia.org/resource/Arachnid}","NULL","NULL","NULL","NULL","Laelapidae","http://dbpedia.org/resource/Laelapidae","NULL","NULL","Animal","http://dbpedia.org/resource/Animal","Mesostigmata","http://dbpedia.org/resource/Mesostigmata","Arthropod","http://dbpedia.org/resource/Arthropod","NULL","NULL","NULL","NULL","NULL","{animal|arachnid|eukaryote|species|owl#Thing}","{http://dbpedia.org/ontology/Animal|http://dbpedia.org/ontology/Arachnid|http://dbpedia.org/ontology/Eukaryote|http://dbpedia.org/ontology/Species|http://www.w3.org/2002/07/owl#Thing}","NULL","NULL","NULL"
"http://dbpedia.org/resource/Stratiolaelaps","Stratiolaelaps","Stratiolaelaps is a genus of mites in the family Laelapidae.","NULL","NULL","{Acari|Arachnid}","{http://dbpedia.org/resource/Acari|http://dbpedia.org/resource/Arachnid}","NULL","NULL","NULL","NULL","Laelapidae","http://dbpedia.org/resource/Laelapidae","NULL","NULL","Animal","http://dbpedia.org/resource/Animal","Mesostigmata","http://dbpedia.org/resource/Mesostigmata","Arthropod","http://dbpedia.org/resource/Arthropod","NULL","NULL","NULL","NULL","NULL","{animal|arachnid|eukaryote|species|owl#Thing}","{http://dbpedia.org/ontology/Animal|http://dbpedia.org/ontology/Arachnid|http://dbpedia.org/ontology/Eukaryote|http://dbpedia.org/ontology/Species|http://www.w3.org/2002/07/owl#Thing}","NULL","NULL","NULL"
"http://dbpedia.org/resource/Tengilaelaps","Tengilaelaps","Tengilaelaps is a genus of mites in the family Laelapidae.","NULL","NULL","{Acari|Arachnid}","{http://dbpedia.org/resource/Acari|http://dbpedia.org/resource/Arachnid}","NULL","NULL","NULL","NULL","Laelapidae","http://dbpedia.org/resource/Laelapidae","NULL","NULL","Animal","http://dbpedia.org/resource/Animal","Mesostigmata","http://dbpedia.org/resource/Mesostigmata","Arthropod","http://dbpedia.org/resource/Arthropod","NULL","NULL","NULL","NULL","NULL","{animal|arachnid|eukaryote|species|owl#Thing}","{http://dbpedia.org/ontology/Animal|http://dbpedia.org/ontology/Arachnid|http://dbpedia.org/ontology/Eukaryote|http://dbpedia.org/ontology/Species|http://www.w3.org/2002/07/owl#Thing}","NULL","NULL","NULL"
"http://dbpedia.org/resource/Tricholaelaps","Tricholaelaps","Tricholaelaps is a genus of mites in the family Laelapidae.","NULL","NULL","{Acari|Arachnid}","{http://dbpedia.org/resource/Acari|http://dbpedia.org/resource/Arachnid}","NULL","NULL","NULL","NULL","Laelapidae","http://dbpedia.org/resource/Laelapidae","NULL","NULL","Animal","http://dbpedia.org/resource/Animal","Mesostigmata","http://dbpedia.org/resource/Mesostigmata","Arthropod","http://dbpedia.org/resource/Arthropod","NULL","NULL","NULL","NULL","NULL","{animal|arachnid|eukaryote|species|owl#Thing}","{http://dbpedia.org/ontology/Animal|http://dbpedia.org/ontology/Arachnid|http://dbpedia.org/ontology/Eukaryote|http://dbpedia.org/ontology/Species|http://www.w3.org/2002/07/owl#Thing}","NULL","NULL","NULL"
