URI,rdf-schema#label,rdf-schema#comment,assembly_label,assembly,automobilePlatform_label,automobilePlatform,bodyStyle_label,bodyStyle,class_label,class,designCompany_label,designCompany,designer_label,designer,engine_label,engine,fuelCapacity,height,layout_label,layout,length,manufacturer_label,manufacturer,modelEndYear,modelStartYear,parentCompany_label,parentCompany,predecessor_label,predecessor,productionEndDate,productionEndYear,productionStartDate,productionStartYear,relatedMeanOfTransportation_label,relatedMeanOfTransportation,sales_label,sales,successor_label,successor,thumbnail_label,thumbnail,transmission,variantOf_label,variantOf,vehicle_label,vehicle,weight,wheelbase,width,point,22-rdf-syntax-ns#type_label,22-rdf-syntax-ns#type,wgs84_pos#lat,wgs84_pos#long,depiction_label,depiction,name
URI,http://www.w3.org/2000/01/rdf-schema#label,http://www.w3.org/2000/01/rdf-schema#comment,http://dbpedia.org/ontology/assembly,http://dbpedia.org/ontology/assembly,http://dbpedia.org/ontology/automobilePlatform,http://dbpedia.org/ontology/automobilePlatform,http://dbpedia.org/ontology/bodyStyle,http://dbpedia.org/ontology/bodyStyle,http://dbpedia.org/ontology/class,http://dbpedia.org/ontology/class,http://dbpedia.org/ontology/designCompany,http://dbpedia.org/ontology/designCompany,http://dbpedia.org/ontology/designer,http://dbpedia.org/ontology/designer,http://dbpedia.org/ontology/engine,http://dbpedia.org/ontology/engine,http://dbpedia.org/ontology/fuelCapacity,http://dbpedia.org/ontology/height,http://dbpedia.org/ontology/layout,http://dbpedia.org/ontology/layout,http://dbpedia.org/ontology/length,http://dbpedia.org/ontology/manufacturer,http://dbpedia.org/ontology/manufacturer,http://dbpedia.org/ontology/modelEndYear,http://dbpedia.org/ontology/modelStartYear,http://dbpedia.org/ontology/parentCompany,http://dbpedia.org/ontology/parentCompany,http://dbpedia.org/ontology/predecessor,http://dbpedia.org/ontology/predecessor,http://dbpedia.org/ontology/productionEndDate,http://dbpedia.org/ontology/productionEndYear,http://dbpedia.org/ontology/productionStartDate,http://dbpedia.org/ontology/productionStartYear,http://dbpedia.org/ontology/relatedMeanOfTransportation,http://dbpedia.org/ontology/relatedMeanOfTransportation,http://dbpedia.org/ontology/sales,http://dbpedia.org/ontology/sales,http://dbpedia.org/ontology/successor,http://dbpedia.org/ontology/successor,http://dbpedia.org/ontology/thumbnail,http://dbpedia.org/ontology/thumbnail,http://dbpedia.org/ontology/transmission,http://dbpedia.org/ontology/variantOf,http://dbpedia.org/ontology/variantOf,http://dbpedia.org/ontology/vehicle,http://dbpedia.org/ontology/vehicle,http://dbpedia.org/ontology/weight,http://dbpedia.org/ontology/wheelbase,http://dbpedia.org/ontology/width,http://www.georss.org/georss/point,http://www.w3.org/1999/02/22-rdf-syntax-ns#type,http://www.w3.org/1999/02/22-rdf-syntax-ns#type,http://www.w3.org/2003/01/geo/wgs84_pos#lat,http://www.w3.org/2003/01/geo/wgs84_pos#long,http://xmlns.com/foaf/0.1/depiction,http://xmlns.com/foaf/0.1/depiction,http://xmlns.com/foaf/0.1/name
URI,XMLSchema#string,XMLSchema#string,XMLSchema#string,owl#Thing,XMLSchema#string,Automobile,XMLSchema#string,owl#Thing,XMLSchema#string,owl#Thing,XMLSchema#string,Company,XMLSchema#string,Person,XMLSchema#string,AutomobileEngine,XMLSchema#double,XMLSchema#double,XMLSchema#string,owl#Thing,XMLSchema#double,XMLSchema#string,Organisation,XMLSchema#gYear,XMLSchema#gYear,XMLSchema#string,Company,XMLSchema#string,owl#Thing,XMLSchema#date,XMLSchema#gYear,XMLSchema#date,XMLSchema#gYear,XMLSchema#string,MeanOfTransportation,XMLSchema#string,Sales,XMLSchema#string,owl#Thing,XMLSchema#string,owl#Thing,XMLSchema#string,XMLSchema#string,owl#Thing,XMLSchema#string,Automobile,XMLSchema#double,XMLSchema#double,XMLSchema#double,XMLSchema#string,XMLSchema#string,owl#Class,XMLSchema#float,XMLSchema#float,XMLSchema#string,owl#Thing,XMLSchema#string
http://www.w3.org/2002/07/owl#Thing,http://www.w3.org/2001/XMLSchema#string,http://www.w3.org/2001/XMLSchema#string,http://www.w3.org/2001/XMLSchema#string,http://www.w3.org/2002/07/owl#Thing,http://www.w3.org/2001/XMLSchema#string,http://dbpedia.org/ontology/Automobile,http://www.w3.org/2001/XMLSchema#string,http://www.w3.org/2002/07/owl#Thing,http://www.w3.org/2001/XMLSchema#string,http://www.w3.org/2002/07/owl#Thing,http://www.w3.org/2001/XMLSchema#string,http://dbpedia.org/ontology/Company,http://www.w3.org/2001/XMLSchema#string,http://dbpedia.org/ontology/Person,http://www.w3.org/2001/XMLSchema#string,http://dbpedia.org/ontology/AutomobileEngine,http://www.w3.org/2001/XMLSchema#double,http://www.w3.org/2001/XMLSchema#double,http://www.w3.org/2001/XMLSchema#string,http://www.w3.org/2002/07/owl#Thing,http://www.w3.org/2001/XMLSchema#double,http://www.w3.org/2001/XMLSchema#string,http://dbpedia.org/ontology/Organisation,http://www.w3.org/2001/XMLSchema#gYear,http://www.w3.org/2001/XMLSchema#gYear,http://www.w3.org/2001/XMLSchema#string,http://dbpedia.org/ontology/Company,http://www.w3.org/2001/XMLSchema#string,http://www.w3.org/2002/07/owl#Thing,http://www.w3.org/2001/XMLSchema#date,http://www.w3.org/2001/XMLSchema#gYear,http://www.w3.org/2001/XMLSchema#date,http://www.w3.org/2001/XMLSchema#gYear,http://www.w3.org/2001/XMLSchema#string,http://dbpedia.org/ontology/MeanOfTransportation,http://www.w3.org/2001/XMLSchema#string,http://dbpedia.org/ontology/Sales,http://www.w3.org/2001/XMLSchema#string,http://www.w3.org/2002/07/owl#Thing,http://www.w3.org/2001/XMLSchema#string,http://www.w3.org/2002/07/owl#Thing,http://www.w3.org/2001/XMLSchema#string,http://www.w3.org/2001/XMLSchema#string,http://www.w3.org/2002/07/owl#Thing,http://www.w3.org/2001/XMLSchema#string,http://dbpedia.org/ontology/Automobile,http://www.w3.org/2001/XMLSchema#double,http://www.w3.org/2001/XMLSchema#double,http://www.w3.org/2001/XMLSchema#double,http://www.w3.org/2001/XMLSchema#string,http://www.w3.org/2001/XMLSchema#string,http://www.w3.org/2002/07/owl#Class,http://www.w3.org/2001/XMLSchema#float,http://www.w3.org/2001/XMLSchema#float,http://www.w3.org/2001/XMLSchema#string,http://www.w3.org/2002/07/owl#Thing,http://www.w3.org/2001/XMLSchema#string
http://dbpedia.org/resource/Mazda_MX-5,Mazda MX-5,The MX-5 also known as Miata in North America and Eunos Roadster in Japan is a lightweight two-seater roadster of front-engine rear-wheel-drive layout built by Mazda in Hiroshima Japan. The model was introduced in 1989 at the Chicago Auto Show.,{Hiroshima|Japan},{http://dbpedia.org/resource/Hiroshima|http://dbpedia.org/resource/Japan},Mazda N platform,http://dbpedia.org/resource/Mazda_N_platform,NULL,NULL,Roadster (automobile),http://dbpedia.org/resource/Roadster_(automobile),NULL,NULL,NULL,NULL,NULL,NULL,NULL,NULL,Front-engine rear-wheel-drive layout,"http://dbpedia.org/resource/Front-engine,_rear-wheel-drive_layout",NULL,Mazda,http://dbpedia.org/resource/Mazda,NULL,NULL,NULL,NULL,NULL,NULL,NULL,NULL,NULL,1989-01-01T00:00:00+02:00,NULL,NULL,NULL,NULL,NULL,NULL,200px-2011_Mazda_MX-5_PRHT_--_04-28-2011.jpg,http://upload.wikimedia.org/wikipedia/commons/thumb/4/4b/2011_Mazda_MX-5_PRHT_--_04-28-2011.jpg/200px-2011_Mazda_MX-5_PRHT_--_04-28-2011.jpg,NULL,NULL,NULL,NULL,NULL,NULL,NULL,NULL,NULL,{automobile|mean of transportation|Product|owl#Thing},{http://dbpedia.org/ontology/Automobile|http://dbpedia.org/ontology/MeanOfTransportation|http://schema.org/Product|http://www.w3.org/2002/07/owl#Thing},NULL,NULL,2011_Mazda_MX-5_PRHT_--_04-28-2011.jpg,http://upload.wikimedia.org/wikipedia/commons/4/4b/2011_Mazda_MX-5_PRHT_--_04-28-2011.jpg,{Eunos Roadster|Mazda MX-5|Mazda MX-5 Miata|Mazda Miata|Mazda Roadster}
http://dbpedia.org/resource/Nissan_Z-car,Nissan Z-car,The Z-car is a series of sports cars manufactured by Nissan Motors Ltd.. The original Z was sold in October 1969 in Japan as the Nissan Fairlady Z and was sold in Japan at Nissan Exhibition dealerships that previously sold the Nissan Bluebird. It was exported as the Datsun 240Z. Since 2009 Nissan has manufactured the newest Z the 370Z.,{Hiratsuka Kanagawa|Japan|Tochigi Tochigi|Yokosuka Kanagawa},"{http://dbpedia.org/resource/Hiratsuka,_Kanagawa|http://dbpedia.org/resource/Japan|http://dbpedia.org/resource/Tochigi,_Tochigi|http://dbpedia.org/resource/Yokosuka,_Kanagawa}",NULL,NULL,NULL,NULL,Sports car,http://dbpedia.org/resource/Sports_car,NULL,NULL,NULL,NULL,NULL,NULL,NULL,NULL,Front-engine rear-wheel-drive layout,"http://dbpedia.org/resource/Front-engine,_rear-wheel-drive_layout",NULL,Nissan Motor Company,http://dbpedia.org/resource/Nissan_Motor_Company,NULL,NULL,NULL,NULL,NULL,NULL,NULL,1969-01-01T00:00:00+02:00,NULL,1969-01-01T00:00:00+02:00,NULL,NULL,NULL,NULL,NULL,NULL,200px-NISSAN_FAIRLADY_Z_Z34_logo.svg.png,http://upload.wikimedia.org/wikipedia/commons/thumb/a/ab/NISSAN_FAIRLADY_Z_Z34_logo.svg/200px-NISSAN_FAIRLADY_Z_Z34_logo.svg.png,NULL,NULL,NULL,NULL,NULL,NULL,NULL,NULL,NULL,{automobile|mean of transportation|Product|owl#Thing},{http://dbpedia.org/ontology/Automobile|http://dbpedia.org/ontology/MeanOfTransportation|http://schema.org/Product|http://www.w3.org/2002/07/owl#Thing},NULL,NULL,NISSAN_FAIRLADY_Z_Z34_logo.svg,http://upload.wikimedia.org/wikipedia/commons/a/ab/NISSAN_FAIRLADY_Z_Z34_logo.svg,{Nissan Fairlady Z (Japan)|Nissan Fairlady Z (Z-car series)}
http://dbpedia.org/resource/Lotus_Seven,Lotus Seven,The Lotus Seven is a small simple lightweight two-seater open-top sports car produced by Lotus Cars (initially called Lotus Engineering) between 1957 and 1972. It was designed by Lotus founder Colin Chapman and has been considered the embodiment of the Lotus philosophy of performance through low weight and simplicity. The original model was highly successful with more than 2500 cars sold due to its attraction as a road legal car that could be used for clubman racing.,{Hethel|Norfolk|United Kingdom},{http://dbpedia.org/resource/Hethel|http://dbpedia.org/resource/Norfolk|http://dbpedia.org/resource/United_Kingdom},NULL,NULL,Roadster (automobile),http://dbpedia.org/resource/Roadster_(automobile),Sports car,http://dbpedia.org/resource/Sports_car,Colin Chapman,http://dbpedia.org/resource/Colin_Chapman,Colin Chapman,http://dbpedia.org/resource/Colin_Chapman,NULL,NULL,NULL,NULL,Front-engine rear-wheel-drive layout,"http://dbpedia.org/resource/Front-engine,_rear-wheel-drive_layout",NULL,Lotus Cars,http://dbpedia.org/resource/Lotus_Cars,NULL,NULL,NULL,NULL,Lotus Mark VI,http://dbpedia.org/resource/Lotus_Mark_VI,NULL,1972-01-01T00:00:00+02:00,NULL,1957-01-01T00:00:00+02:00,NULL,NULL,NULL,NULL,Caterham 7,http://dbpedia.org/resource/Caterham_7,200px-1965LotusSevenSeriesII.jpg,http://upload.wikimedia.org/wikipedia/commons/thumb/9/97/1965LotusSevenSeriesII.jpg/200px-1965LotusSevenSeriesII.jpg,manual,NULL,NULL,NULL,NULL,NULL,NULL,NULL,NULL,{automobile|mean of transportation|Product|owl#Thing},{http://dbpedia.org/ontology/Automobile|http://dbpedia.org/ontology/MeanOfTransportation|http://schema.org/Product|http://www.w3.org/2002/07/owl#Thing},NULL,NULL,1965LotusSevenSeriesII.jpg,http://upload.wikimedia.org/wikipedia/commons/9/97/1965LotusSevenSeriesII.jpg,{Lotus 7|Lotus Seven}
http://dbpedia.org/resource/Chaika_(car),Chaika (car),A Chaika which means gull is a luxury automobile from the Soviet Union made by GAZ. The vehicle is one step down from the ZIL limousine.,NULL,NULL,NULL,NULL,NULL,NULL,Luxury vehicle,http://dbpedia.org/resource/Luxury_vehicle,NULL,NULL,NULL,NULL,{Chaika_(car)__1|Chaika_(car)__8-cylinder__1},{http://dbpedia.org/resource/Chaika_(car)__1|http://dbpedia.org/resource/Chaika_(car)__8-cylinder__1},NULL,1.58,Front-engine rear-wheel-drive layout,"http://dbpedia.org/resource/Front-engine,_rear-wheel-drive_layout",5.6,GAZ,http://dbpedia.org/resource/GAZ,NULL,NULL,NULL,NULL,GAZ-12 ZIM,http://dbpedia.org/resource/GAZ-12_ZIM,NULL,1981-01-01T00:00:00+02:00,NULL,1959-01-01T00:00:00+02:00,NULL,NULL,NULL,NULL,NULL,NULL,200px-53102chaika.jpg,http://upload.wikimedia.org/wikipedia/commons/thumb/8/86/53102chaika.jpg/200px-53102chaika.jpg,3-speed automatic,NULL,NULL,NULL,NULL,2.05e+06,3.25,2.0,NULL,{automobile|mean of transportation|Product|owl#Thing},{http://dbpedia.org/ontology/Automobile|http://dbpedia.org/ontology/MeanOfTransportation|http://schema.org/Product|http://www.w3.org/2002/07/owl#Thing},NULL,NULL,53102chaika.jpg,http://upload.wikimedia.org/wikipedia/commons/8/86/53102chaika.jpg,M13 Chaika
http://dbpedia.org/resource/Lada_Samara,Lada Samara,The Lada Samara is an economy car produced by Soviet/Russian vehicle manufacturer AvtoVAZ under the Lada brand since 1984. The brand name Samara originally was used only for exported models in Russia the same model was called Sputnik (satellite) until 1991 when the sedan version of Samara entered in production using the export name. The production of Lada Samara will be ended in 2013. However there is no word of the pickup version to be discontinued.,{Finland|Kazakhstan|Montevideo|Oskemen|Russia|Tolyatti|Ukraine|Uruguay|Uusikaupunki|Zaporizhia},{http://dbpedia.org/resource/Finland|http://dbpedia.org/resource/Kazakhstan|http://dbpedia.org/resource/Montevideo|http://dbpedia.org/resource/Oskemen|http://dbpedia.org/resource/Russia|http://dbpedia.org/resource/Tolyatti|http://dbpedia.org/resource/Ukraine|http://dbpedia.org/resource/Uruguay|http://dbpedia.org/resource/Uusikaupunki|http://dbpedia.org/resource/Zaporizhia},NULL,NULL,{Hatchback|Sedan (automobile)},{http://dbpedia.org/resource/Hatchback|http://dbpedia.org/resource/Sedan_(automobile)},Economy car,http://dbpedia.org/resource/Economy_car,NULL,NULL,NULL,NULL,NULL,NULL,NULL,1.335,Front-engine front-wheel-drive layout,"http://dbpedia.org/resource/Front-engine,_front-wheel-drive_layout",4.005,Lada,http://dbpedia.org/resource/Lada,NULL,NULL,NULL,NULL,NULL,NULL,NULL,2108-01-01T00:00:00+02:00,NULL,2108-01-01T00:00:00+02:00,NULL,NULL,NULL,NULL,NULL,NULL,200px-Lada_2109_Samara_1300_S_Hanseat_Front.JPG,http://upload.wikimedia.org/wikipedia/commons/thumb/f/fd/Lada_2109_Samara_1300_S_Hanseat_Front.JPG/200px-Lada_2109_Samara_1300_S_Hanseat_Front.JPG,NULL,NULL,NULL,NULL,NULL,NULL,2.46,1.65,NULL,{automobile|mean of transportation|Product|owl#Thing},{http://dbpedia.org/ontology/Automobile|http://dbpedia.org/ontology/MeanOfTransportation|http://schema.org/Product|http://www.w3.org/2002/07/owl#Thing},NULL,NULL,Lada_2109_Samara_1300_S_Hanseat_Front.JPG,http://upload.wikimedia.org/wikipedia/commons/f/fd/Lada_2109_Samara_1300_S_Hanseat_Front.JPG,{Bognor Sagona (ROU)|Lada Forma (Sedan)|Lada Sagona (Sedan)|Lada Samara|Lada Samara 2|Lada Sputnik|VAZ 2108/2109/21099|VAZ 2113/2114/2115}
http://dbpedia.org/resource/BMW_328,BMW 328,The BMW 328 is a sports car made by BMW between 1936 and 1940 with the body design credited to Peter Szymanowski who became BMW chief of design after World War II (although technically the car was designed by Fritz Fiedler).,{Eisenach|Germany},{http://dbpedia.org/resource/Eisenach|http://dbpedia.org/resource/Germany},NULL,NULL,Roadster (automobile),http://dbpedia.org/resource/Roadster_(automobile),Sports car,http://dbpedia.org/resource/Sports_car,{Ernst Loof|Fritz Fiedler|Peter_Szymanowski},{http://dbpedia.org/resource/Ernst_Loof|http://dbpedia.org/resource/Fritz_Fiedler|http://dbpedia.org/resource/Peter_Szymanowski},{Ernst Loof|Fritz Fiedler|Peter_Szymanowski},{http://dbpedia.org/resource/Ernst_Loof|http://dbpedia.org/resource/Fritz_Fiedler|http://dbpedia.org/resource/Peter_Szymanowski},BMW_328__1,http://dbpedia.org/resource/BMW_328__1,NULL,1.4,Front-engine rear-wheel-drive layout,"http://dbpedia.org/resource/Front-engine,_rear-wheel-drive_layout",3.9,BMW,http://dbpedia.org/resource/BMW,NULL,NULL,NULL,NULL,NULL,NULL,NULL,1940-01-01T00:00:00+02:00,NULL,1936-01-01T00:00:00+02:00,BMW 326,http://dbpedia.org/resource/BMW_326,NULL,NULL,NULL,NULL,200px-BMW_328_(16.06.2007).jpg,http://upload.wikimedia.org/wikipedia/commons/thumb/6/66/BMW_328_(16.06.2007).jpg/200px-BMW_328_(16.06.2007).jpg,4-speed manual,NULL,NULL,NULL,NULL,830000.0,2.4,1.55,NULL,{automobile|mean of transportation|Product|owl#Thing},{http://dbpedia.org/ontology/Automobile|http://dbpedia.org/ontology/MeanOfTransportation|http://schema.org/Product|http://www.w3.org/2002/07/owl#Thing},NULL,NULL,BMW_328_(16.06.2007).jpg,http://upload.wikimedia.org/wikipedia/commons/6/66/BMW_328_(16.06.2007).jpg,BMW 328
http://dbpedia.org/resource/Green_Goddess,Green Goddess,The Green Goddess is the colloquial name for the Bedford RLHZ Self Propelled Pump a fire engine used originally by the Auxiliary Fire Service (AFS) and latterly by the British Armed Forces. These green-painted vehicles were built between 1953 and 1956 for the AFS. The design was based on a Bedford RL series British military truck.,NULL,NULL,NULL,NULL,Fire apparatus,http://dbpedia.org/resource/Fire_apparatus,{Commercial vehicle|Emergency vehicle|Military vehicle},{http://dbpedia.org/resource/Commercial_vehicle|http://dbpedia.org/resource/Emergency_vehicle|http://dbpedia.org/resource/Military_vehicle},NULL,NULL,NULL,NULL,Green_Goddess__1,http://dbpedia.org/resource/Green_Goddess__1,NULL,NULL,{Automobile layout|Four-wheel drive|Longitudinal engine},{http://dbpedia.org/resource/Automobile_layout|http://dbpedia.org/resource/Four-wheel_drive|http://dbpedia.org/resource/Longitudinal_engine},NULL,Bedford Vehicles,http://dbpedia.org/resource/Bedford_Vehicles,NULL,NULL,NULL,NULL,NULL,NULL,NULL,1956-01-01T00:00:00+02:00,NULL,1953-01-01T00:00:00+02:00,Bedford RL,http://dbpedia.org/resource/Bedford_RL,NULL,NULL,NULL,NULL,200px-Green_Goddess_1.jpg,http://upload.wikimedia.org/wikipedia/commons/thumb/0/0c/Green_Goddess_1.jpg/200px-Green_Goddess_1.jpg,4-speed manual,NULL,NULL,NULL,NULL,NULL,NULL,NULL,NULL,{automobile|mean of transportation|Product|owl#Thing},{http://dbpedia.org/ontology/Automobile|http://dbpedia.org/ontology/MeanOfTransportation|http://schema.org/Product|http://www.w3.org/2002/07/owl#Thing},NULL,NULL,Green_Goddess_1.jpg,http://upload.wikimedia.org/wikipedia/commons/0/0c/Green_Goddess_1.jpg,{Bedford RLHZ Self Propelled Pump|Green Goddess}
http://dbpedia.org/resource/Porsche_Cayenne,Porsche Cayenne,The Porsche Cayenne is a five seat mid-size luxury crossover manufactured by the German manufacturer Porsche since 2002 with North American sales beginning in 2003. Its platform was developed by Porsche and is shared with the Volkswagen Touareg and the Audi Q7. It is the first V8-engined vehicle built by Porsche since 1995 when the Porsche 928 was discontinued. Since 2008 all engines have featured direct injection technology.,{Germany|Leipzig|Slovakia},{http://dbpedia.org/resource/Germany|http://dbpedia.org/resource/Leipzig|http://dbpedia.org/resource/Slovakia},Volkswagen Group PL71 platform,http://dbpedia.org/resource/Volkswagen_Group_PL71_platform,NULL,NULL,Mid-size car,http://dbpedia.org/resource/Mid-size_car,NULL,NULL,NULL,NULL,NULL,NULL,NULL,NULL,{Four-wheel drive|Front-engine design},{http://dbpedia.org/resource/Four-wheel_drive|http://dbpedia.org/resource/Front-engine_design},NULL,Porsche,http://dbpedia.org/resource/Porsche,NULL,2004-01-01T00:00:00+02:00,NULL,NULL,NULL,NULL,NULL,NULL,NULL,2002-01-01T00:00:00+02:00,{Audi Q7|Volkswagen Touareg},{http://dbpedia.org/resource/Audi_Q7|http://dbpedia.org/resource/Volkswagen_Touareg},NULL,NULL,NULL,NULL,200px-2010-2011_Porsche_Cayenne_(92A)_S_wagon_(2011-08-03)_01.jpg,http://upload.wikimedia.org/wikipedia/commons/thumb/8/8c/2010-2011_Porsche_Cayenne_(92A)_S_wagon_(2011-08-03)_01.jpg/200px-2010-2011_Porsche_Cayenne_(92A)_S_wagon_(2011-08-03)_01.jpg,NULL,NULL,NULL,NULL,NULL,NULL,NULL,NULL,NULL,{automobile|mean of transportation|Product|owl#Thing},{http://dbpedia.org/ontology/Automobile|http://dbpedia.org/ontology/MeanOfTransportation|http://schema.org/Product|http://www.w3.org/2002/07/owl#Thing},NULL,NULL,2010-2011_Porsche_Cayenne_(92A)_S_wagon_(2011-08-03)_01.jpg,http://upload.wikimedia.org/wikipedia/commons/8/8c/2010-2011_Porsche_Cayenne_(92A)_S_wagon_(2011-08-03)_01.jpg,{Porsche 955/957/958|Porsche Cayenne}
http://dbpedia.org/resource/Pontiac_Vibe,Pontiac Vibe,The Pontiac Vibe is a compact hatchback car that was produced in Fremont California in the United States by NUMMI (New United Motor Manufacturing Inc) a joint venture between General Motors and Toyota and marketed under General Motors' Pontiac brand. The Toyota Voltz was an identical twin to the Vibe (with different badging and right-hand drive) that was sold in Japan for a short while before being dropped due to lack of popularity.,Fremont California,"http://dbpedia.org/resource/Fremont,_California",NULL,NULL,Hatchback,http://dbpedia.org/resource/Hatchback,Compact car,http://dbpedia.org/resource/Compact_car,NULL,NULL,NULL,NULL,NULL,NULL,NULL,NULL,{Four-wheel drive|Front-engine design|Front-wheel drive},{http://dbpedia.org/resource/Four-wheel_drive|http://dbpedia.org/resource/Front-engine_design|http://dbpedia.org/resource/Front-wheel_drive},NULL,NUMMI,http://dbpedia.org/resource/NUMMI,2010-01-01T00:00:00+02:00,2003-01-01T00:00:00+02:00,NULL,NULL,Pontiac Sunfire,http://dbpedia.org/resource/Pontiac_Sunfire,NULL,2009-01-01T00:00:00+02:00,NULL,2002-01-01T00:00:00+02:00,{Toyota Auris|Toyota Celica|Toyota Sprinter},{http://dbpedia.org/resource/Toyota_Auris|http://dbpedia.org/resource/Toyota_Celica|http://dbpedia.org/resource/Toyota_Sprinter},NULL,NULL,{Buick Verano|Chevrolet Orlando},{http://dbpedia.org/resource/Buick_Verano|http://dbpedia.org/resource/Chevrolet_Orlando},200px-2nd_Pontiac_Vibe_1_--_12-26-2009.jpg,http://upload.wikimedia.org/wikipedia/commons/thumb/2/21/2nd_Pontiac_Vibe_1_--_12-26-2009.jpg/200px-2nd_Pontiac_Vibe_1_--_12-26-2009.jpg,NULL,NULL,NULL,NULL,NULL,NULL,2.60096,NULL,NULL,{automobile|mean of transportation|Product|owl#Thing},{http://dbpedia.org/ontology/Automobile|http://dbpedia.org/ontology/MeanOfTransportation|http://schema.org/Product|http://www.w3.org/2002/07/owl#Thing},NULL,NULL,2nd_Pontiac_Vibe_1_--_12-26-2009.jpg,http://upload.wikimedia.org/wikipedia/commons/2/21/2nd_Pontiac_Vibe_1_--_12-26-2009.jpg,{Pontiac Vibe|Toyota Matrix|Toyota Voltz}
http://dbpedia.org/resource/Ford_Taurus,Ford Taurus,The Ford Taurus is an automobile manufactured by the Ford Motor Company in the United States. Originally introduced in the 1986 model year it has remained in near-continuous production for more than two decades making it the fourth oldest nameplate that is currently sold in the North American Ford lineup.,NULL,NULL,NULL,NULL,NULL,NULL,{Full-size car|Mid-size car},{http://dbpedia.org/resource/Full-size_car|http://dbpedia.org/resource/Mid-size_car},NULL,NULL,NULL,NULL,NULL,NULL,NULL,NULL,NULL,NULL,NULL,Ford Motor Company,http://dbpedia.org/resource/Ford_Motor_Company,NULL,1986-01-01T00:00:00+02:00,NULL,NULL,Ford LTD (Americas),http://dbpedia.org/resource/Ford_LTD_(Americas),NULL,NULL,NULL,1985-01-01T00:00:00+02:00,NULL,NULL,{Ford_Taurus__1999__1|Ford_Taurus__2000__1|Ford_Taurus__2001__1|Ford_Taurus__2002__1|Ford_Taurus__2003__1|Ford_Taurus__2004__1|Ford_Taurus__2005__1|Ford_Taurus__2006__1|Ford_Taurus__2007__1|Ford_Taurus__2008__1|Ford_Taurus__2009__1|Ford_Taurus__2010__1|Ford_Taurus__2011__1|Ford_Taurus__2012__1},{http://dbpedia.org/resource/Ford_Taurus__1999__1|http://dbpedia.org/resource/Ford_Taurus__2000__1|http://dbpedia.org/resource/Ford_Taurus__2001__1|http://dbpedia.org/resource/Ford_Taurus__2002__1|http://dbpedia.org/resource/Ford_Taurus__2003__1|http://dbpedia.org/resource/Ford_Taurus__2004__1|http://dbpedia.org/resource/Ford_Taurus__2005__1|http://dbpedia.org/resource/Ford_Taurus__2006__1|http://dbpedia.org/resource/Ford_Taurus__2007__1|http://dbpedia.org/resource/Ford_Taurus__2008__1|http://dbpedia.org/resource/Ford_Taurus__2009__1|http://dbpedia.org/resource/Ford_Taurus__2010__1|http://dbpedia.org/resource/Ford_Taurus__2011__1|http://dbpedia.org/resource/Ford_Taurus__2012__1},NULL,NULL,200px-2010_Ford_Taurus_Limited_2_--_10-31-2009.jpg,http://upload.wikimedia.org/wikipedia/commons/thumb/c/c2/2010_Ford_Taurus_Limited_2_--_10-31-2009.jpg/200px-2010_Ford_Taurus_Limited_2_--_10-31-2009.jpg,NULL,NULL,NULL,NULL,NULL,NULL,NULL,NULL,NULL,{automobile|mean of transportation|Product|owl#Thing},{http://dbpedia.org/ontology/Automobile|http://dbpedia.org/ontology/MeanOfTransportation|http://schema.org/Product|http://www.w3.org/2002/07/owl#Thing},NULL,NULL,2010_Ford_Taurus_Limited_2_--_10-31-2009.jpg,http://upload.wikimedia.org/wikipedia/commons/c/c2/2010_Ford_Taurus_Limited_2_--_10-31-2009.jpg,Ford Taurus
http://dbpedia.org/resource/Ford_Anglia,Ford Anglia,The Ford Anglia is a British car designed and manufactured by Ford in the United Kingdom. It is related to the Ford Prefect and the later Ford Popular. The Ford Anglia name was applied to four models of car between 1939 and 1967. 1594486 Anglias were produced before it was replaced by the new Ford Escort.,{Ford Dagenham|Halewood},{http://dbpedia.org/resource/Ford_Dagenham|http://dbpedia.org/resource/Halewood},NULL,NULL,NULL,NULL,Subcompact car,http://dbpedia.org/resource/Subcompact_car,NULL,NULL,NULL,NULL,NULL,NULL,NULL,NULL,Front-engine rear-wheel-drive layout,"http://dbpedia.org/resource/Front-engine,_rear-wheel-drive_layout",NULL,Ford of Britain,http://dbpedia.org/resource/Ford_of_Britain,NULL,NULL,NULL,NULL,Ford 7Y,http://dbpedia.org/resource/Ford_7Y,NULL,1967-01-01T00:00:00+02:00,NULL,1939-01-01T00:00:00+02:00,NULL,NULL,NULL,NULL,Ford Escort (Europe),http://dbpedia.org/resource/Ford_Escort_(Europe),200px-'65_Ford_Anglia_L200_Coupe_(Orange_Julep).JPG,http://upload.wikimedia.org/wikipedia/commons/thumb/e/e3/'65_Ford_Anglia_L200_Coupe_(Orange_Julep).JPG/200px-'65_Ford_Anglia_L200_Coupe_(Orange_Julep).JPG,NULL,NULL,NULL,NULL,NULL,NULL,NULL,NULL,NULL,{automobile|mean of transportation|Product|owl#Thing},{http://dbpedia.org/ontology/Automobile|http://dbpedia.org/ontology/MeanOfTransportation|http://schema.org/Product|http://www.w3.org/2002/07/owl#Thing},NULL,NULL,'65_Ford_Anglia_L200_Coupe_(Orange_Julep).JPG,http://upload.wikimedia.org/wikipedia/commons/e/e3/'65_Ford_Anglia_L200_Coupe_(Orange_Julep).JPG,Ford Anglia
http://dbpedia.org/resource/Toyota_Celica,Toyota Celica,The Toyota Celica name has been applied to a series of coupes made by the Japanese company Toyota. The name is ultimately derived from the Latin word coelica meaning heavenly or celestial. In Japan the Celica was exclusive to Toyota Japanese dealerships Toyota Corolla Store. Throughout its life span the Celica has been powered by various four-cylinder engines.,NULL,NULL,NULL,NULL,NULL,NULL,{Sport compact|Sports car},{http://dbpedia.org/resource/Sport_compact|http://dbpedia.org/resource/Sports_car},NULL,NULL,NULL,NULL,NULL,NULL,NULL,NULL,NULL,NULL,NULL,Toyota,http://dbpedia.org/resource/Toyota,1971-01-01T00:00:00+02:00,1971-01-01T00:00:00+02:00,NULL,NULL,NULL,NULL,NULL,2006-01-01T00:00:00+02:00,NULL,1970-01-01T00:00:00+02:00,NULL,NULL,NULL,NULL,NULL,NULL,200px-TC2004GTS-AP.jpeg,http://upload.wikimedia.org/wikipedia/commons/thumb/4/41/TC2004GTS-AP.jpeg/200px-TC2004GTS-AP.jpeg,NULL,NULL,NULL,NULL,NULL,NULL,NULL,NULL,NULL,{automobile|mean of transportation|Product|owl#Thing},{http://dbpedia.org/ontology/Automobile|http://dbpedia.org/ontology/MeanOfTransportation|http://schema.org/Product|http://www.w3.org/2002/07/owl#Thing},NULL,NULL,TC2004GTS-AP.jpeg,http://upload.wikimedia.org/wikipedia/commons/4/41/TC2004GTS-AP.jpeg,Toyota Celica
http://dbpedia.org/resource/Vespa_400,Vespa 400,The Vespa 400 is a rear-engined microcar produced by ACMA (Ateliers de construction de motocycles et d'automobiles) in Fourchambault France from 1957 to 1961 to the designs of the Italian Piaggio company. Two different versions were sold Lusso and Turismo. The car made its public debut on 26 September 1957 at a press presentation staged in Monaco.,{Fourchambault|France},{http://dbpedia.org/resource/Fourchambault|http://dbpedia.org/resource/France},NULL,NULL,Cabrio coach,http://dbpedia.org/resource/Cabrio_coach,Microcar,http://dbpedia.org/resource/Microcar,NULL,NULL,NULL,NULL,Vespa_400__1,http://dbpedia.org/resource/Vespa_400__1,NULL,1.27,Rear-engine rear-wheel-drive layout,"http://dbpedia.org/resource/Rear-engine,_rear-wheel-drive_layout",2.85,ACMA (Ateliers de construction de motocycles et d'automobiles),http://dbpedia.org/resource/ACMA_(Ateliers_de_construction_de_motocycles_et_d'automobiles),NULL,NULL,NULL,NULL,NULL,NULL,NULL,1961-01-01T00:00:00+02:00,NULL,1957-01-01T00:00:00+02:00,NULL,NULL,NULL,NULL,NULL,NULL,200px-1959_VESPA_400a.jpg,http://upload.wikimedia.org/wikipedia/commons/thumb/f/f2/1959_VESPA_400a.jpg/200px-1959_VESPA_400a.jpg,3-speed manual,NULL,NULL,NULL,NULL,375000.0,1.693,1.1,NULL,{automobile|mean of transportation|Product|owl#Thing},{http://dbpedia.org/ontology/Automobile|http://dbpedia.org/ontology/MeanOfTransportation|http://schema.org/Product|http://www.w3.org/2002/07/owl#Thing},NULL,NULL,1959_VESPA_400a.jpg,http://upload.wikimedia.org/wikipedia/commons/f/f2/1959_VESPA_400a.jpg,Vespa 400
http://dbpedia.org/resource/Edsel,Edsel,The Edsel was an automobile marque that was planned developed and manufactured by the Ford Motor Company during the 1958 1959 and 1960 model years. With the Edsel Ford had expected to make significant inroads into the market share of both General Motors and Chrysler and close the gap between itself and GM in the domestic American automotive market. But contrary to Ford's internal plans and projections the Edsel never gained popularity with contemporary American car buyers and sold poorly.,NULL,NULL,NULL,NULL,NULL,NULL,Full-size car,http://dbpedia.org/resource/Full-size_car,NULL,NULL,NULL,NULL,NULL,NULL,NULL,NULL,Front-engine rear-wheel-drive layout,"http://dbpedia.org/resource/Front-engine,_rear-wheel-drive_layout",NULL,Ford Motor Company,http://dbpedia.org/resource/Ford_Motor_Company,NULL,NULL,NULL,NULL,NULL,NULL,NULL,NULL,NULL,1958-01-01T00:00:00+02:00,NULL,NULL,NULL,NULL,NULL,NULL,200px-1958_Corsair_Daten.jpg,http://upload.wikimedia.org/wikipedia/commons/thumb/a/aa/1958_Corsair_Daten.jpg/200px-1958_Corsair_Daten.jpg,NULL,NULL,NULL,NULL,NULL,NULL,NULL,NULL,NULL,{automobile|mean of transportation|Product|owl#Thing},{http://dbpedia.org/ontology/Automobile|http://dbpedia.org/ontology/MeanOfTransportation|http://schema.org/Product|http://www.w3.org/2002/07/owl#Thing},NULL,NULL,1958_Corsair_Daten.jpg,http://upload.wikimedia.org/wikipedia/commons/a/aa/1958_Corsair_Daten.jpg,Edsel
http://dbpedia.org/resource/Reliant_Fox,Reliant Fox,The Reliant Fox is a small four wheeled glass fibre utility vehicle manufactured by the Reliant Motor Company in Tamworth England between 1983 and 1990. It used 850 cc aluminium engine and was technically based on the Reliant Kitten with which it shares its chassis engine and running gear (with some modifications). The Fox has an interesting history.,NULL,NULL,NULL,NULL,NULL,NULL,NULL,NULL,NULL,NULL,NULL,NULL,Reliant_Fox__1,http://dbpedia.org/resource/Reliant_Fox__1,NULL,NULL,NULL,NULL,NULL,Reliant,http://dbpedia.org/resource/Reliant,NULL,NULL,NULL,NULL,Reliant Kitten,http://dbpedia.org/resource/Reliant_Kitten,NULL,1990-01-01T00:00:00+02:00,NULL,1983-01-01T00:00:00+02:00,NULL,NULL,NULL,NULL,NULL,NULL,200px-Fox_at_the_roadside_-_geograph.org.uk_-_1502581.jpg,http://upload.wikimedia.org/wikipedia/commons/thumb/6/69/Fox_at_the_roadside_-_geograph.org.uk_-_1502581.jpg/200px-Fox_at_the_roadside_-_geograph.org.uk_-_1502581.jpg,4 speed manual,NULL,NULL,NULL,NULL,NULL,0.0845,NULL,NULL,{automobile|mean of transportation|Product|owl#Thing},{http://dbpedia.org/ontology/Automobile|http://dbpedia.org/ontology/MeanOfTransportation|http://schema.org/Product|http://www.w3.org/2002/07/owl#Thing},NULL,NULL,Fox_at_the_roadside_-_geograph.org.uk_-_1502581.jpg,http://upload.wikimedia.org/wikipedia/commons/6/69/Fox_at_the_roadside_-_geograph.org.uk_-_1502581.jpg,Reliant Fox
http://dbpedia.org/resource/Ford_Cortina,Ford Cortina,The Ford Cortina is a family car built by Ford of Britain in various guises from 1962 to 1982. The Cortina was Ford's mass-market compact car and became Britain's best-selling car of the 1970s. The Cortina was produced in five generations (Mark I through to Mark V although officially the last one was called the Cortina 80) from 1962 until 1982.,NULL,NULL,NULL,NULL,NULL,NULL,Family car,http://dbpedia.org/resource/Family_car,NULL,NULL,NULL,NULL,NULL,NULL,NULL,NULL,Front-engine rear-wheel-drive layout,"http://dbpedia.org/resource/Front-engine,_rear-wheel-drive_layout",NULL,{Ford Motor Company|Hyundai Motor Company},{http://dbpedia.org/resource/Ford_Motor_Company|http://dbpedia.org/resource/Hyundai_Motor_Company},NULL,NULL,NULL,NULL,Ford Classic,http://dbpedia.org/resource/Ford_Classic,NULL,1982-01-01T00:00:00+02:00,NULL,1962-01-01T00:00:00+02:00,Ford Capri,http://dbpedia.org/resource/Ford_Capri,NULL,NULL,{Ford Orion|Ford Sierra|Hyundai Stellar},{http://dbpedia.org/resource/Ford_Orion|http://dbpedia.org/resource/Ford_Sierra|http://dbpedia.org/resource/Hyundai_Stellar},200px-Ford_Cortina_KTO959E.jpg,http://upload.wikimedia.org/wikipedia/commons/thumb/6/6b/Ford_Cortina_KTO959E.jpg/200px-Ford_Cortina_KTO959E.jpg,NULL,NULL,NULL,NULL,NULL,NULL,NULL,NULL,NULL,{automobile|mean of transportation|Product|owl#Thing},{http://dbpedia.org/ontology/Automobile|http://dbpedia.org/ontology/MeanOfTransportation|http://schema.org/Product|http://www.w3.org/2002/07/owl#Thing},NULL,NULL,Ford_Cortina_KTO959E.jpg,http://upload.wikimedia.org/wikipedia/commons/6/6b/Ford_Cortina_KTO959E.jpg,{Ford Consul Cortina|Ford Cortina}
http://dbpedia.org/resource/Pontiac_GTO,Pontiac GTO,The Pontiac GTO is an American automobile built by Pontiac Division of General Motors from 1964 to 1974 and by GM subsidiary Holden in Australia from 2004 to 2006. It was a muscle car classic of the 1960s and 1970s. From 1964 until midway through 1973 it was closely related to the Pontiac Tempest/LeMans and for the 1974 model year it was based on the Pontiac Ventura.,NULL,NULL,NULL,NULL,NULL,NULL,Muscle car,http://dbpedia.org/resource/Muscle_car,NULL,NULL,NULL,NULL,NULL,NULL,NULL,NULL,Front-engine rear-wheel-drive layout,"http://dbpedia.org/resource/Front-engine,_rear-wheel-drive_layout",NULL,{Holden|Pontiac},{http://dbpedia.org/resource/Holden|http://dbpedia.org/resource/Pontiac},NULL,NULL,NULL,NULL,{Pontiac Grand Prix|Pontiac Tempest},{http://dbpedia.org/resource/Pontiac_Grand_Prix|http://dbpedia.org/resource/Pontiac_Tempest},NULL,1964-01-01T00:00:00+02:00,NULL,1964-01-01T00:00:00+02:00,NULL,NULL,NULL,NULL,NULL,NULL,200px-1969_GTO_Judge.jpg,http://upload.wikimedia.org/wikipedia/commons/thumb/2/2e/1969_GTO_Judge.jpg/200px-1969_GTO_Judge.jpg,NULL,NULL,NULL,NULL,NULL,NULL,NULL,NULL,NULL,{automobile|mean of transportation|Product|owl#Thing},{http://dbpedia.org/ontology/Automobile|http://dbpedia.org/ontology/MeanOfTransportation|http://schema.org/Product|http://www.w3.org/2002/07/owl#Thing},NULL,NULL,1969_GTO_Judge.jpg,http://upload.wikimedia.org/wikipedia/commons/2/2e/1969_GTO_Judge.jpg,Pontiac GTO
http://dbpedia.org/resource/Vauxhall_Viva,Vauxhall Viva,The Viva was a small family car produced by Vauxhall Motors in a succession of three versions between 1963 and 1979. These were known as the HA the HB and the HC series. The Viva appeared a year after Vauxhall's sister company Opel launched the Opel Kadett A: visually the two cars' kinship was obvious. A van version was also produced as the Bedford HA. In the UK the Viva's principal competitors at the time of its launch included the well-established Ford Anglia and Morris Minor.,{Cheshire|Ellesmere Port},{http://dbpedia.org/resource/Cheshire|http://dbpedia.org/resource/Ellesmere_Port},NULL,NULL,NULL,NULL,Compact car,http://dbpedia.org/resource/Compact_car,NULL,NULL,NULL,NULL,NULL,NULL,NULL,NULL,NULL,NULL,NULL,Vauxhall Motors,http://dbpedia.org/resource/Vauxhall_Motors,NULL,NULL,NULL,NULL,NULL,NULL,NULL,1979-01-01T00:00:00+02:00,NULL,0001-01-01T00:00:00+02:00,NULL,NULL,NULL,NULL,{Vauxhall Astra|Vauxhall Chevette},{http://dbpedia.org/resource/Vauxhall_Astra|http://dbpedia.org/resource/Vauxhall_Chevette},200px-Vivahc.jpg,http://upload.wikimedia.org/wikipedia/commons/thumb/1/14/Vivahc.jpg/200px-Vivahc.jpg,NULL,NULL,NULL,NULL,NULL,NULL,NULL,NULL,NULL,{automobile|mean of transportation|Product|owl#Thing},{http://dbpedia.org/ontology/Automobile|http://dbpedia.org/ontology/MeanOfTransportation|http://schema.org/Product|http://www.w3.org/2002/07/owl#Thing},NULL,NULL,Vivahc.jpg,http://upload.wikimedia.org/wikipedia/commons/1/14/Vivahc.jpg,Vauxhall Viva
http://dbpedia.org/resource/Reliant_Scimitar,Reliant Scimitar,The Reliant Scimitar name was used for a series of sports car models produced by British car manufacturer Reliant between 1964 and 1986. During its 22-year production it developed into a range of versions including a convertible launched in 1980. In 1984 Reliant launched the smaller Scimitar SS1.,NULL,NULL,NULL,NULL,NULL,NULL,Sports car,http://dbpedia.org/resource/Sports_car,NULL,NULL,NULL,NULL,NULL,NULL,NULL,NULL,NULL,NULL,NULL,Reliant,http://dbpedia.org/resource/Reliant,NULL,NULL,NULL,NULL,NULL,NULL,NULL,1986-01-01T00:00:00+02:00,NULL,1964-01-01T00:00:00+02:00,NULL,NULL,NULL,NULL,NULL,NULL,200px-MHV_Reliant_Scimitar_GTE_01.jpg,http://upload.wikimedia.org/wikipedia/commons/thumb/3/32/MHV_Reliant_Scimitar_GTE_01.jpg/200px-MHV_Reliant_Scimitar_GTE_01.jpg,NULL,NULL,NULL,NULL,NULL,NULL,NULL,NULL,NULL,{automobile|mean of transportation|Product|owl#Thing},{http://dbpedia.org/ontology/Automobile|http://dbpedia.org/ontology/MeanOfTransportation|http://schema.org/Product|http://www.w3.org/2002/07/owl#Thing},NULL,NULL,MHV_Reliant_Scimitar_GTE_01.jpg,http://upload.wikimedia.org/wikipedia/commons/3/32/MHV_Reliant_Scimitar_GTE_01.jpg,Reliant Scimitar
http://dbpedia.org/resource/Vauxhall_Astra,Vauxhall Astra,Astra is a model name that has been used by Vauxhall the British subsidiary of Adam Opel AG on their small family car ranges since 1979. For its first two generations the nameplate was applied to right-hand drive versions of the Opel Kadett for use in the UK. Since 1991 Opel has used the Astra nameplate on its B/C-platform. General Motors' Saturn division in the US also offered the Astra as a captive import from late 2007 until Saturn was discontinued following GM's 2010 bankruptcy.,NULL,NULL,NULL,NULL,NULL,NULL,Compact car,http://dbpedia.org/resource/Compact_car,NULL,NULL,NULL,NULL,NULL,NULL,NULL,NULL,NULL,NULL,NULL,Vauxhall Motors,http://dbpedia.org/resource/Vauxhall_Motors,NULL,NULL,NULL,NULL,{Vauxhall Chevette|Vauxhall Viva},{http://dbpedia.org/resource/Vauxhall_Chevette|http://dbpedia.org/resource/Vauxhall_Viva},NULL,NULL,NULL,1979-01-01T00:00:00+02:00,NULL,NULL,NULL,NULL,NULL,NULL,200px-Vauxhall_Astra_Mk6_002.jpg,http://upload.wikimedia.org/wikipedia/commons/thumb/e/e2/Vauxhall_Astra_Mk6_002.jpg/200px-Vauxhall_Astra_Mk6_002.jpg,NULL,NULL,NULL,NULL,NULL,NULL,NULL,NULL,NULL,{automobile|mean of transportation|Product|owl#Thing},{http://dbpedia.org/ontology/Automobile|http://dbpedia.org/ontology/MeanOfTransportation|http://schema.org/Product|http://www.w3.org/2002/07/owl#Thing},NULL,NULL,Vauxhall_Astra_Mk6_002.jpg,http://upload.wikimedia.org/wikipedia/commons/e/e2/Vauxhall_Astra_Mk6_002.jpg,Vauxhall Astra
http://dbpedia.org/resource/AC_Cobra,AC Cobra,The AC Cobra sold as the Ford/Shelby AC Cobra in the USA and often known colloquially as the Shelby Cobra in that country is an American-engined British sports car produced intermittently since 1962.,{Surrey|Thames Ditton},{http://dbpedia.org/resource/Surrey|http://dbpedia.org/resource/Thames_Ditton},NULL,NULL,Roadster (automobile),http://dbpedia.org/resource/Roadster_(automobile),NULL,NULL,NULL,NULL,NULL,NULL,NULL,NULL,NULL,NULL,Front-engine rear-wheel-drive layout,"http://dbpedia.org/resource/Front-engine,_rear-wheel-drive_layout",NULL,AC Cars,http://dbpedia.org/resource/AC_Cars,NULL,NULL,NULL,NULL,NULL,NULL,NULL,2004-01-01T00:00:00+02:00,NULL,1961-01-01T00:00:00+02:00,NULL,NULL,NULL,NULL,NULL,NULL,200px-Shelby_AC_427_Cobra_vl_blue.jpg,http://upload.wikimedia.org/wikipedia/commons/thumb/e/e8/Shelby_AC_427_Cobra_vl_blue.jpg/200px-Shelby_AC_427_Cobra_vl_blue.jpg,NULL,NULL,NULL,NULL,NULL,NULL,NULL,NULL,NULL,{automobile|mean of transportation|Product|owl#Thing},{http://dbpedia.org/ontology/Automobile|http://dbpedia.org/ontology/MeanOfTransportation|http://schema.org/Product|http://www.w3.org/2002/07/owl#Thing},NULL,NULL,Shelby_AC_427_Cobra_vl_blue.jpg,http://upload.wikimedia.org/wikipedia/commons/e/e8/Shelby_AC_427_Cobra_vl_blue.jpg,{AC Cobra|Shelby Cobra}
http://dbpedia.org/resource/Volvo_66,Volvo 66,The Volvo 66 sprang directly from the DAF 66 which was originally styled by Giovanni Michelotti. The compact car was introduced in August 1975 almost exactly a year after Volvo Cars bought DAF and before production of the Volvo 300 Series began. The Volvo 66 was known for its continuously variable transmission the Variomatic. The Volvo version of the car was slightly restyled and given larger bumpers compared with those of the original DAF model.,Born Netherlands,"http://dbpedia.org/resource/Born,_Netherlands",NULL,NULL,{Sedan (automobile)|Station wagon},{http://dbpedia.org/resource/Sedan_(automobile)|http://dbpedia.org/resource/Station_wagon},NULL,NULL,NULL,NULL,NULL,NULL,{Volvo_66__1|Volvo_66__2},{http://dbpedia.org/resource/Volvo_66__1|http://dbpedia.org/resource/Volvo_66__2},NULL,NULL,Front-engine rear-wheel-drive layout,"http://dbpedia.org/resource/Front-engine,_rear-wheel-drive_layout",NULL,Volvo Cars,http://dbpedia.org/resource/Volvo_Cars,NULL,NULL,NULL,NULL,DAF 66,http://dbpedia.org/resource/DAF_66,NULL,1980-01-01T00:00:00+02:00,NULL,1975-01-01T00:00:00+02:00,NULL,NULL,NULL,NULL,Volvo 300 Series,http://dbpedia.org/resource/Volvo_300_Series,200px-Volvo_66_DL_1.jpg,http://upload.wikimedia.org/wikipedia/commons/thumb/d/d0/Volvo_66_DL_1.jpg/200px-Volvo_66_DL_1.jpg,Variomatic,NULL,NULL,NULL,NULL,NULL,NULL,NULL,NULL,{automobile|mean of transportation|Product|owl#Thing},{http://dbpedia.org/ontology/Automobile|http://dbpedia.org/ontology/MeanOfTransportation|http://schema.org/Product|http://www.w3.org/2002/07/owl#Thing},NULL,NULL,Volvo_66_DL_1.jpg,http://upload.wikimedia.org/wikipedia/commons/d/d0/Volvo_66_DL_1.jpg,Volvo 66
http://dbpedia.org/resource/Volvo_Duett,Volvo Duett,The Duett is an automobile from Volvo that was in production from 1953 to 1969. The name Duett was intended to signify a car that could be used as a delivery vehicle during the week and as a comfortable sedan away from work. The Duett was produced in three body styles: an estate car a panel van and in small numbers a bare chassis with no body from the windshield rearward.,NULL,NULL,NULL,NULL,Station wagon,http://dbpedia.org/resource/Station_wagon,NULL,NULL,NULL,NULL,NULL,NULL,Volvo_Duett__1,http://dbpedia.org/resource/Volvo_Duett__1,NULL,1.7,Front-engine rear-wheel-drive layout,"http://dbpedia.org/resource/Front-engine,_rear-wheel-drive_layout",4.4,Volvo Cars,http://dbpedia.org/resource/Volvo_Cars,NULL,NULL,NULL,NULL,NULL,NULL,NULL,1969-01-01T00:00:00+02:00,NULL,1953-01-01T00:00:00+02:00,544,http://dbpedia.org/resource/Volvo_PV444/544,NULL,NULL,Volvo 140 Series,http://dbpedia.org/resource/Volvo_140_Series,200px-Volvo_211_at_Djurgarden_Stockholm.jpg,http://upload.wikimedia.org/wikipedia/commons/thumb/3/32/Volvo_211_at_Djurgarden_Stockholm.jpg/200px-Volvo_211_at_Djurgarden_Stockholm.jpg,M40 (four speed manual),NULL,NULL,NULL,NULL,NULL,2.6,1.6,NULL,{automobile|mean of transportation|Product|owl#Thing},{http://dbpedia.org/ontology/Automobile|http://dbpedia.org/ontology/MeanOfTransportation|http://schema.org/Product|http://www.w3.org/2002/07/owl#Thing},NULL,NULL,Volvo_211_at_Djurgarden_Stockholm.jpg,http://upload.wikimedia.org/wikipedia/commons/3/32/Volvo_211_at_Djurgarden_Stockholm.jpg,Volvo Duett
http://dbpedia.org/resource/Saab_9-2,Saab 9-2,The Saab 9-2 (or sometimes referred to as Saab 9-1) was a car that was proposed in 2010 be added to Saab's production line by 2014 under its then new ownership Spyker Cars though some commentators considered the project a pipe dream. The 9-2 was thought to developed in a joint venture with another automaker probably European.,NULL,NULL,NULL,NULL,NULL,NULL,Compact car,http://dbpedia.org/resource/Compact_car,NULL,NULL,NULL,NULL,NULL,NULL,NULL,NULL,Front-engine front-wheel-drive layout,"http://dbpedia.org/resource/Front-engine,_front-wheel-drive_layout",NULL,Saab Automobile,http://dbpedia.org/resource/Saab_Automobile,NULL,NULL,NULL,NULL,Subaru Impreza (second generation),http://dbpedia.org/resource/Subaru_Impreza_(second_generation),NULL,NULL,NULL,NULL,NULL,NULL,NULL,NULL,NULL,NULL,200px-Saab_wordmark_grey.svg.png,http://upload.wikimedia.org/wikipedia/commons/thumb/e/e9/Saab_wordmark_grey.svg/200px-Saab_wordmark_grey.svg.png,NULL,NULL,NULL,NULL,NULL,NULL,NULL,NULL,NULL,{automobile|mean of transportation|Product|owl#Thing},{http://dbpedia.org/ontology/Automobile|http://dbpedia.org/ontology/MeanOfTransportation|http://schema.org/Product|http://www.w3.org/2002/07/owl#Thing},NULL,NULL,Saab_wordmark_grey.svg,http://upload.wikimedia.org/wikipedia/commons/e/e9/Saab_wordmark_grey.svg,{Saab 9-1|Saab 9-2}
http://dbpedia.org/resource/Saab_900,Saab 900,The Saab 900 was a compact luxury automobile produced by Saab Automobile from 1978 until 1998 in two generations. The first generation from 1978 to 1993 is known as the classic; the generation from 1994 to 1998 is known as the new generation (see below). The classic Saab 900 was based on the Saab 99 chassis though with a longer front end to meet U.S. frontal crash regulations.,NULL,NULL,NULL,NULL,NULL,NULL,Compact executive car,http://dbpedia.org/resource/Compact_executive_car,NULL,NULL,NULL,NULL,NULL,NULL,NULL,NULL,Front-engine front-wheel-drive layout,"http://dbpedia.org/resource/Front-engine,_front-wheel-drive_layout",NULL,Saab Automobile,http://dbpedia.org/resource/Saab_Automobile,NULL,NULL,NULL,NULL,Saab 99,http://dbpedia.org/resource/Saab_99,NULL,1998-01-01T00:00:00+02:00,NULL,1978-01-01T00:00:00+02:00,NULL,NULL,NULL,NULL,Saab 9-3,http://dbpedia.org/resource/Saab_9-3,200px-Saab_900_GLE_(2)_(crop).jpg,http://upload.wikimedia.org/wikipedia/commons/thumb/e/e5/Saab_900_GLE_(2)_(crop).jpg/200px-Saab_900_GLE_(2)_(crop).jpg,NULL,NULL,NULL,NULL,NULL,NULL,NULL,NULL,NULL,{automobile|mean of transportation|Product|owl#Thing},{http://dbpedia.org/ontology/Automobile|http://dbpedia.org/ontology/MeanOfTransportation|http://schema.org/Product|http://www.w3.org/2002/07/owl#Thing},NULL,NULL,Saab_900_GLE_(2)_(crop).jpg,http://upload.wikimedia.org/wikipedia/commons/e/e5/Saab_900_GLE_(2)_(crop).jpg,Saab 900
http://dbpedia.org/resource/Chalmers_Automobile,Chalmers Automobile,Chalmers Motor Car Company was a United States based automobile company located in Detroit Michigan. It was named after Hugh Chalmers of the National Cash Register Company. The brand is owned by Chrysler.,NULL,NULL,NULL,NULL,Roadster (automobile),http://dbpedia.org/resource/Roadster_(automobile),NULL,NULL,NULL,NULL,NULL,NULL,NULL,NULL,NULL,NULL,NULL,NULL,NULL,NULL,NULL,NULL,NULL,NULL,NULL,NULL,NULL,NULL,1923-01-01T00:00:00+02:00,NULL,1908-01-01T00:00:00+02:00,NULL,NULL,NULL,NULL,NULL,NULL,200px-Chalmers-motors_1910.gif,http://upload.wikimedia.org/wikipedia/commons/thumb/5/54/Chalmers-motors_1910.gif/200px-Chalmers-motors_1910.gif,NULL,NULL,NULL,NULL,NULL,NULL,NULL,NULL,NULL,{automobile|mean of transportation|Product|owl#Thing},{http://dbpedia.org/ontology/Automobile|http://dbpedia.org/ontology/MeanOfTransportation|http://schema.org/Product|http://www.w3.org/2002/07/owl#Thing},NULL,NULL,Chalmers-motors_1910.gif,http://upload.wikimedia.org/wikipedia/commons/5/54/Chalmers-motors_1910.gif,NULL
http://dbpedia.org/resource/Chevrolet_Impala,Chevrolet Impala,The Chevrolet Impala is a full-size automobile built by the Chevrolet division of General Motors introduced for the 1958 model year. Deriving its name from the southern African antelope Chevrolet's most expensive passenger model through 1965 had become the best-selling automobile in the United States competing against the Ford Galaxie 500 and the Plymouth Fury when full-size models dominated the market. The Impala was distinguished for many years by its symmetrical triple taillights.,NULL,NULL,NULL,NULL,NULL,NULL,Full-size car,http://dbpedia.org/resource/Full-size_car,NULL,NULL,NULL,NULL,NULL,NULL,NULL,NULL,NULL,NULL,NULL,{Chevrolet|General Motors},{http://dbpedia.org/resource/Chevrolet|http://dbpedia.org/resource/General_Motors},1958-01-01T00:00:00+02:00,1958-01-01T00:00:00+02:00,NULL,NULL,NULL,NULL,NULL,1994-01-01T00:00:00+02:00,NULL,1994-01-01T00:00:00+02:00,NULL,NULL,NULL,NULL,NULL,NULL,200px-Chevrolet_Impala_logo.jpg,http://upload.wikimedia.org/wikipedia/commons/thumb/1/1a/Chevrolet_Impala_logo.jpg/200px-Chevrolet_Impala_logo.jpg,NULL,NULL,NULL,NULL,NULL,NULL,NULL,NULL,NULL,{automobile|mean of transportation|Product|owl#Thing},{http://dbpedia.org/ontology/Automobile|http://dbpedia.org/ontology/MeanOfTransportation|http://schema.org/Product|http://www.w3.org/2002/07/owl#Thing},NULL,NULL,Chevrolet_Impala_logo.jpg,http://upload.wikimedia.org/wikipedia/commons/1/1a/Chevrolet_Impala_logo.jpg,Chevrolet Impala
http://dbpedia.org/resource/Ford_Crown_Victoria,Ford Crown Victoria,The Ford Crown Victoria (or simply Crown Vic) is a rear-wheel drive full-size sedan that was marketed and manufactured by Ford Motor Company; it was produced from the 1992 to the 2012 model years over two generations. Discontinued in the 2011 model year it had been in production since 1991 at Ford's St. Thomas Assembly plant in Talbotville Ontario Canada.,{Canada|Southwold Ontario|St. Thomas Assembly},"{http://dbpedia.org/resource/Canada|http://dbpedia.org/resource/Southwold,_Ontario|http://dbpedia.org/resource/St._Thomas_Assembly}",Ford Panther platform,http://dbpedia.org/resource/Ford_Panther_platform,Sedan (automobile),http://dbpedia.org/resource/Sedan_(automobile),Full-size Ford,http://dbpedia.org/resource/Full-size_Ford,NULL,NULL,NULL,NULL,NULL,NULL,NULL,NULL,{Body-on-frame|Front-engine rear-wheel-drive layout},"{http://dbpedia.org/resource/Body-on-frame|http://dbpedia.org/resource/Front-engine,_rear-wheel-drive_layout}",NULL,Ford Motor Company,http://dbpedia.org/resource/Ford_Motor_Company,2012-01-01T00:00:00+02:00,1992-01-01T00:00:00+02:00,NULL,NULL,Ford LTD Crown Victoria,http://dbpedia.org/resource/Ford_LTD_Crown_Victoria,NULL,1955-01-01T00:00:00+02:00,NULL,1955-01-01T00:00:00+02:00,{Lincoln Town Car|Mercury Grand Marquis},{http://dbpedia.org/resource/Lincoln_Town_Car|http://dbpedia.org/resource/Mercury_Grand_Marquis},NULL,NULL,Ford Taurus (sixth generation),http://dbpedia.org/resource/Ford_Taurus_(sixth_generation),200px-Ford_Crown_Victoria_LX.jpg,http://upload.wikimedia.org/wikipedia/commons/thumb/f/f0/Ford_Crown_Victoria_LX.jpg/200px-Ford_Crown_Victoria_LX.jpg,NULL,NULL,NULL,NULL,NULL,NULL,NULL,NULL,NULL,{automobile|mean of transportation|Product|owl#Thing},{http://dbpedia.org/ontology/Automobile|http://dbpedia.org/ontology/MeanOfTransportation|http://schema.org/Product|http://www.w3.org/2002/07/owl#Thing},NULL,NULL,Ford_Crown_Victoria_LX.jpg,http://upload.wikimedia.org/wikipedia/commons/f/f0/Ford_Crown_Victoria_LX.jpg,Ford Crown Victoria
http://dbpedia.org/resource/BMW_Dixi,BMW Dixi,The Dixi was the first car made by BMW. Dixi was the brand name of cars made by Automobilwerk Eisenach (Eisenach car factory) starting in 1904. In the difficult economic climate of the 1920s the company found it hard to sell its 6/24 and 9/40 models. So the manufacturer decided to enter the small car market and in 1927 agreed to a licensing agreement with the Austin Motor Company to build a variant of the Austin 7.,NULL,NULL,NULL,NULL,NULL,NULL,NULL,NULL,NULL,NULL,NULL,NULL,BMW_Dixi__1,http://dbpedia.org/resource/BMW_Dixi__1,NULL,NULL,Front-engine rear-wheel-drive layout,"http://dbpedia.org/resource/Front-engine,_rear-wheel-drive_layout",NULL,BMW,http://dbpedia.org/resource/BMW,NULL,NULL,NULL,NULL,NULL,NULL,NULL,1929-01-01T00:00:00+02:00,NULL,1927-01-01T00:00:00+02:00,Austin 7,http://dbpedia.org/resource/Austin_7,NULL,NULL,15,http://dbpedia.org/resource/BMW_3/15,200px-Dixi_3-15_DA_(1929).jpg,http://upload.wikimedia.org/wikipedia/commons/thumb/b/b2/Dixi_3-15_DA_(1929).jpg/200px-Dixi_3-15_DA_(1929).jpg,NULL,NULL,NULL,NULL,NULL,NULL,NULL,NULL,NULL,{automobile|mean of transportation|Product|owl#Thing},{http://dbpedia.org/ontology/Automobile|http://dbpedia.org/ontology/MeanOfTransportation|http://schema.org/Product|http://www.w3.org/2002/07/owl#Thing},NULL,NULL,Dixi_3-15_DA_(1929).jpg,http://upload.wikimedia.org/wikipedia/commons/b/b2/Dixi_3-15_DA_(1929).jpg,Dixi
http://dbpedia.org/resource/Toyota_Land_Cruiser,Toyota Land Cruiser,The Toyota Land Cruiser is a series of four-wheel drive vehicles produced by the Japanese car maker Toyota. The Land Cruiser series is the longest running series in Toyota history. Development of the first generation Land Cruiser began in 1951 as Toyota's version of a Jeep-like vehicle and production started in 1954. The Land Cruiser has been produced in convertible hardtop station wagon and utility truck versions.,NULL,NULL,NULL,NULL,NULL,NULL,Off-road vehicle,http://dbpedia.org/resource/Off-road_vehicle,NULL,NULL,NULL,NULL,NULL,NULL,NULL,NULL,NULL,NULL,NULL,Toyota,http://dbpedia.org/resource/Toyota,NULL,NULL,NULL,NULL,NULL,NULL,NULL,NULL,NULL,1951-01-01T00:00:00+02:00,NULL,NULL,NULL,NULL,NULL,NULL,200px-80-89_Toyota_Land_Cruiser.jpg,http://upload.wikimedia.org/wikipedia/commons/thumb/e/ef/80-89_Toyota_Land_Cruiser.jpg/200px-80-89_Toyota_Land_Cruiser.jpg,NULL,NULL,NULL,NULL,NULL,NULL,NULL,NULL,NULL,{automobile|mean of transportation|Product|owl#Thing},{http://dbpedia.org/ontology/Automobile|http://dbpedia.org/ontology/MeanOfTransportation|http://schema.org/Product|http://www.w3.org/2002/07/owl#Thing},NULL,NULL,80-89_Toyota_Land_Cruiser.jpg,http://upload.wikimedia.org/wikipedia/commons/e/ef/80-89_Toyota_Land_Cruiser.jpg,Toyota Land Cruiser
http://dbpedia.org/resource/Volkswagen_Jetta,Volkswagen Jetta,The Volkswagen Jetta is a small family car produced by German automaker Volkswagen Group for the Volkswagen Passenger Cars marque since 1979. Positioned to fill a saloon/sedan niche above the firm's Golf hatchback offering it has been marketed over six generations variously as the Atlantic Fox Vento Bora City Jetta Jetta City GLI Jetta and Sagitar.,NULL,NULL,Volkswagen Group A platform,http://dbpedia.org/resource/Volkswagen_Group_A_platform,NULL,NULL,Compact car,http://dbpedia.org/resource/Compact_car,NULL,NULL,NULL,NULL,NULL,NULL,NULL,NULL,NULL,NULL,NULL,Volkswagen,http://dbpedia.org/resource/Volkswagen,NULL,NULL,NULL,NULL,NULL,NULL,NULL,NULL,NULL,1979-01-01T00:00:00+02:00,NULL,NULL,NULL,NULL,NULL,NULL,200px-2011_Volkswagen_Jetta_SE_--_05-06-2011.jpg,http://upload.wikimedia.org/wikipedia/commons/thumb/0/09/2011_Volkswagen_Jetta_SE_--_05-06-2011.jpg/200px-2011_Volkswagen_Jetta_SE_--_05-06-2011.jpg,NULL,NULL,NULL,NULL,NULL,NULL,NULL,NULL,NULL,{automobile|mean of transportation|Product|owl#Thing},{http://dbpedia.org/ontology/Automobile|http://dbpedia.org/ontology/MeanOfTransportation|http://schema.org/Product|http://www.w3.org/2002/07/owl#Thing},NULL,NULL,2011_Volkswagen_Jetta_SE_--_05-06-2011.jpg,http://upload.wikimedia.org/wikipedia/commons/0/09/2011_Volkswagen_Jetta_SE_--_05-06-2011.jpg,Volkswagen Jetta
http://dbpedia.org/resource/E-M-F_Company,E-M-F Company,The E-M-F Company was an early American automobile manufacturer that produced automobiles from 1909 to 1912. The name E-M-F was gleaned from the initials of the three company founders: Barney Everitt (a custom auto-body builder from Detroit) William Metzger and Walter Flanders (who had served as Henry Ford's production manager).,NULL,NULL,NULL,NULL,NULL,NULL,NULL,NULL,NULL,NULL,NULL,NULL,NULL,NULL,NULL,NULL,NULL,NULL,NULL,NULL,NULL,NULL,NULL,NULL,NULL,NULL,NULL,NULL,NULL,NULL,NULL,NULL,NULL,NULL,NULL,NULL,NULL,200px-EMF_Model_30_Roadster_1912.jpg,http://upload.wikimedia.org/wikipedia/commons/thumb/c/c6/EMF_Model_30_Roadster_1912.jpg/200px-EMF_Model_30_Roadster_1912.jpg,3-speed sliding gear manual,NULL,NULL,NULL,NULL,NULL,2.6924,NULL,NULL,{automobile|mean of transportation|Product|owl#Thing},{http://dbpedia.org/ontology/Automobile|http://dbpedia.org/ontology/MeanOfTransportation|http://schema.org/Product|http://www.w3.org/2002/07/owl#Thing},NULL,NULL,EMF_Model_30_Roadster_1912.jpg,http://upload.wikimedia.org/wikipedia/commons/c/c6/EMF_Model_30_Roadster_1912.jpg,E-M-F 30
http://dbpedia.org/resource/Ford_Thunderbird,Ford Thunderbird,The Thunderbird (T-Bird) is an automobile manufactured by the Ford Motor Company in the United States over eleven model generations from 1955 through 2005. When introduced it created the market niche eventually known as the personal luxury car.,NULL,NULL,NULL,NULL,NULL,NULL,Personal luxury car,http://dbpedia.org/resource/Personal_luxury_car,NULL,NULL,NULL,NULL,NULL,NULL,NULL,NULL,Front-engine rear-wheel-drive layout,"http://dbpedia.org/resource/Front-engine,_rear-wheel-drive_layout",NULL,Ford Motor Company,http://dbpedia.org/resource/Ford_Motor_Company,NULL,NULL,NULL,NULL,NULL,NULL,NULL,1955-01-01T00:00:00+02:00,NULL,1955-01-01T00:00:00+02:00,NULL,NULL,NULL,NULL,NULL,NULL,200px-T-bird.jpg,http://upload.wikimedia.org/wikipedia/commons/thumb/1/1c/T-bird.jpg/200px-T-bird.jpg,NULL,NULL,NULL,NULL,NULL,NULL,NULL,NULL,NULL,{automobile|mean of transportation|Product|owl#Thing},{http://dbpedia.org/ontology/Automobile|http://dbpedia.org/ontology/MeanOfTransportation|http://schema.org/Product|http://www.w3.org/2002/07/owl#Thing},NULL,NULL,T-bird.jpg,http://upload.wikimedia.org/wikipedia/commons/1/1c/T-bird.jpg,Ford Thunderbird
http://dbpedia.org/resource/Toyota_Matrix,Toyota Matrix,The Toyota Matrix sometimes officially referred to as the Toyota Corolla Matrix is a compact hatchback manufactured by the Toyota Motor Corporation in Canada to be sold in the United States Canada and Mexico. It is considered to be the sporty hatchback counterpart of the North American Corolla and is counted as a variant of it in Toyota's sales figures.,{Cambridge Ontario|Canada},"{http://dbpedia.org/resource/Cambridge,_Ontario|http://dbpedia.org/resource/Canada}",NULL,NULL,Hatchback,http://dbpedia.org/resource/Hatchback,Compact car,http://dbpedia.org/resource/Compact_car,NULL,NULL,NULL,NULL,NULL,NULL,NULL,NULL,{Four-wheel drive|Front-engine design|Front-wheel drive},{http://dbpedia.org/resource/Four-wheel_drive|http://dbpedia.org/resource/Front-engine_design|http://dbpedia.org/resource/Front-wheel_drive},NULL,Toyota,http://dbpedia.org/resource/Toyota,NULL,2003-01-01T00:00:00+02:00,NULL,NULL,NULL,NULL,NULL,NULL,NULL,2002-01-01T00:00:00+02:00,{Lexus CT|Pontiac Vibe|Toyota Auris|Toyota Celica|Toyota Corolla|Toyota Corolla (E120)},{http://dbpedia.org/resource/Lexus_CT|http://dbpedia.org/resource/Pontiac_Vibe|http://dbpedia.org/resource/Toyota_Auris|http://dbpedia.org/resource/Toyota_Celica|http://dbpedia.org/resource/Toyota_Corolla|http://dbpedia.org/resource/Toyota_Corolla_(E120)},NULL,NULL,NULL,NULL,200px-2009_Toyota_Matrix_S_--_NHTSA.jpg,http://upload.wikimedia.org/wikipedia/commons/thumb/6/63/2009_Toyota_Matrix_S_--_NHTSA.jpg/200px-2009_Toyota_Matrix_S_--_NHTSA.jpg,NULL,NULL,NULL,NULL,NULL,NULL,NULL,NULL,NULL,{automobile|mean of transportation|Product|owl#Thing},{http://dbpedia.org/ontology/Automobile|http://dbpedia.org/ontology/MeanOfTransportation|http://schema.org/Product|http://www.w3.org/2002/07/owl#Thing},NULL,NULL,2009_Toyota_Matrix_S_--_NHTSA.jpg,http://upload.wikimedia.org/wikipedia/commons/6/63/2009_Toyota_Matrix_S_--_NHTSA.jpg,Toyota Matrix
http://dbpedia.org/resource/Honda_Integra,Honda Integra,The Honda Integra (sold in some markets as Acura Integra) was a sports car produced by Japanese automaker Honda from 1985 to 2006. It succeeded the Honda Quint as the hatchback derivative of the Civic and each generation of the Integra was derived from the contemporary generation of the Civic. Being more luxurious and sports-oriented than the Quint the Integra was one of the launch models for Acura in 1985 along with the Legend.,{Japan|Suzuka Mie},"{http://dbpedia.org/resource/Japan|http://dbpedia.org/resource/Suzuka,_Mie}",NULL,NULL,NULL,NULL,NULL,NULL,NULL,NULL,NULL,NULL,NULL,NULL,NULL,NULL,Front-engine front-wheel-drive layout,"http://dbpedia.org/resource/Front-engine,_front-wheel-drive_layout",NULL,Honda,http://dbpedia.org/resource/Honda,NULL,NULL,NULL,NULL,Honda Quint,http://dbpedia.org/resource/Honda_Quint,NULL,2006-01-01T00:00:00+02:00,NULL,1985-01-01T00:00:00+02:00,NULL,NULL,NULL,NULL,Acura ILX,http://dbpedia.org/resource/Acura_ILX,200px-2002-04_Acura_RSX.jpg,http://upload.wikimedia.org/wikipedia/commons/thumb/c/c0/2002-04_Acura_RSX.jpg/200px-2002-04_Acura_RSX.jpg,NULL,NULL,NULL,NULL,NULL,NULL,NULL,NULL,NULL,{automobile|mean of transportation|Product|owl#Thing},{http://dbpedia.org/ontology/Automobile|http://dbpedia.org/ontology/MeanOfTransportation|http://schema.org/Product|http://www.w3.org/2002/07/owl#Thing},NULL,NULL,2002-04_Acura_RSX.jpg,http://upload.wikimedia.org/wikipedia/commons/c/c0/2002-04_Acura_RSX.jpg,{Acura Integra|Acura RSX|Honda Integra|Rover 416i}
http://dbpedia.org/resource/Plymouth_Road_Runner,Plymouth Road Runner,The Plymouth Road Runner was a performance car built by the Plymouth division of the Chrysler Corporation in the United States between 1968 and 1980. In 1968 the first muscle cars were in the opinion of many moving away from their roots as relatively cheap fast cars as they gained options. Although Plymouth already had a performance car in the GTX designers decided to go back to the drawing board and reincarnate the original muscle car concept.,{Detroit|St. Louis},{http://dbpedia.org/resource/Detroit|http://dbpedia.org/resource/St._Louis},NULL,NULL,NULL,NULL,Muscle car,http://dbpedia.org/resource/Muscle_car,NULL,NULL,NULL,NULL,NULL,NULL,NULL,NULL,Front-engine rear-wheel-drive layout,"http://dbpedia.org/resource/Front-engine,_rear-wheel-drive_layout",NULL,Chrysler,http://dbpedia.org/resource/Chrysler,NULL,NULL,NULL,NULL,NULL,NULL,NULL,1980-01-01T00:00:00+02:00,NULL,1968-01-01T00:00:00+02:00,NULL,NULL,NULL,NULL,NULL,NULL,200px-'69_Plymouth_Road_Runner_(Rassemblement_Mopar_Valleyfield_'10).jpg,http://upload.wikimedia.org/wikipedia/commons/thumb/6/6e/'69_Plymouth_Road_Runner_(Rassemblement_Mopar_Valleyfield_'10).jpg/200px-'69_Plymouth_Road_Runner_(Rassemblement_Mopar_Valleyfield_'10).jpg,NULL,NULL,NULL,NULL,NULL,NULL,NULL,NULL,NULL,{automobile|mean of transportation|Product|owl#Thing},{http://dbpedia.org/ontology/Automobile|http://dbpedia.org/ontology/MeanOfTransportation|http://schema.org/Product|http://www.w3.org/2002/07/owl#Thing},NULL,NULL,'69_Plymouth_Road_Runner_(Rassemblement_Mopar_Valleyfield_'10).jpg,http://upload.wikimedia.org/wikipedia/commons/6/6e/'69_Plymouth_Road_Runner_(Rassemblement_Mopar_Valleyfield_'10).jpg,Plymouth Road Runner
http://dbpedia.org/resource/Lancia_Delta,Lancia Delta,The Lancia Delta is a compact luxury car produced by Italian automaker Lancia with the first generation being produced between 1979 and 1994 the second generation running from 1993 until 1999 and the third generation Delta entering production in 2008. It was first shown in Frankfurt Motor Show in 1979. The Delta is best known for its World Rally Championship career in the late 1980s and early 1990s when it dominated rallying.,NULL,NULL,NULL,NULL,Hatchback,http://dbpedia.org/resource/Hatchback,Compact car,http://dbpedia.org/resource/Compact_car,NULL,NULL,NULL,NULL,NULL,NULL,NULL,NULL,NULL,NULL,NULL,Lancia,http://dbpedia.org/resource/Lancia,NULL,NULL,NULL,NULL,NULL,NULL,NULL,1979-01-01T00:00:00+02:00,NULL,1979-01-01T00:00:00+02:00,NULL,NULL,NULL,NULL,NULL,NULL,200px-Lancia_Delta_III_20090620_front-1.JPG,http://upload.wikimedia.org/wikipedia/commons/thumb/f/fb/Lancia_Delta_III_20090620_front-1.JPG/200px-Lancia_Delta_III_20090620_front-1.JPG,NULL,NULL,NULL,NULL,NULL,NULL,NULL,NULL,NULL,{automobile|mean of transportation|Product|owl#Thing},{http://dbpedia.org/ontology/Automobile|http://dbpedia.org/ontology/MeanOfTransportation|http://schema.org/Product|http://www.w3.org/2002/07/owl#Thing},NULL,NULL,Lancia_Delta_III_20090620_front-1.JPG,http://upload.wikimedia.org/wikipedia/commons/f/fb/Lancia_Delta_III_20090620_front-1.JPG,Lancia Delta
http://dbpedia.org/resource/AMC_Pacer,AMC Pacer,The AMC Pacer is a two-door compact automobile that was produced in the United States by the American Motors Corporation between 1975 and 1980. Design work began in 1971. The rounded shape and large glass area were unusual compared with the three-box designs of the era. The Pacer's width is equal to full-sized domestic vehicles at the time and this unique design feature was promoted by AMC as the first wide small car.  The Pacer was the first modern mass-produced U.S.,{Kenosha Wisconsin|Mexico|Mexico City|United States},"{http://dbpedia.org/resource/Kenosha,_Wisconsin|http://dbpedia.org/resource/Mexico|http://dbpedia.org/resource/Mexico_City|http://dbpedia.org/resource/United_States}",NULL,NULL,{Hatchback|Station wagon},{http://dbpedia.org/resource/Hatchback|http://dbpedia.org/resource/Station_wagon},Compact car,http://dbpedia.org/resource/Compact_car,Richard A. Teague,http://dbpedia.org/resource/Richard_A._Teague,Richard A. Teague,http://dbpedia.org/resource/Richard_A._Teague,{AMC_Pacer__1|AMC_Pacer__2|AMC_Pacer__3|AMC_Pacer__4},{http://dbpedia.org/resource/AMC_Pacer__1|http://dbpedia.org/resource/AMC_Pacer__2|http://dbpedia.org/resource/AMC_Pacer__3|http://dbpedia.org/resource/AMC_Pacer__4},NULL,1.34112,Front-engine rear-wheel-drive layout,"http://dbpedia.org/resource/Front-engine,_rear-wheel-drive_layout",4.36372,American Motors,http://dbpedia.org/resource/American_Motors,NULL,NULL,NULL,NULL,NULL,NULL,NULL,1980-01-01T00:00:00+02:00,NULL,1975-01-01T00:00:00+02:00,NULL,NULL,NULL,NULL,NULL,NULL,200px-1975_AMC_Pacer_base_model_frontleftside.jpg,http://upload.wikimedia.org/wikipedia/commons/thumb/f/f9/1975_AMC_Pacer_base_model_frontleftside.jpg/200px-1975_AMC_Pacer_base_model_frontleftside.jpg,{3-speed automatic|3-speed manual|3-speed with overdrive|4-speed manual},NULL,NULL,NULL,NULL,1.3608e+06,2.54,1.96342,NULL,{automobile|mean of transportation|Product|owl#Thing},{http://dbpedia.org/ontology/Automobile|http://dbpedia.org/ontology/MeanOfTransportation|http://schema.org/Product|http://www.w3.org/2002/07/owl#Thing},NULL,NULL,1975_AMC_Pacer_base_model_frontleftside.jpg,http://upload.wikimedia.org/wikipedia/commons/f/f9/1975_AMC_Pacer_base_model_frontleftside.jpg,AMC Pacer
http://dbpedia.org/resource/Ford_Windstar,Ford Windstar,The Ford Windstar is a minivan that was produced and sold by the Ford Motor Company from the 1995 to 2003 model years. This front-wheel drive minivan was the second minivan designed by the company serving as a replacement for the rear-wheel drive Aerostar minivan. The two were sold concurrently for three model years until the Aerostar's 1997 discontinuation. For the 2004 model year the third-generation Windstar was introduced as the renamed Freestar.,{Canada|Oakville Ontario},"{http://dbpedia.org/resource/Canada|http://dbpedia.org/resource/Oakville,_Ontario}",NULL,NULL,NULL,NULL,Minivan,http://dbpedia.org/resource/Minivan,Moray Callum,http://dbpedia.org/resource/Moray_Callum,Moray Callum,http://dbpedia.org/resource/Moray_Callum,NULL,NULL,NULL,NULL,Front-engine front-wheel-drive layout,"http://dbpedia.org/resource/Front-engine,_front-wheel-drive_layout",NULL,Ford Motor Company,http://dbpedia.org/resource/Ford_Motor_Company,NULL,NULL,NULL,NULL,Ford Aerostar,http://dbpedia.org/resource/Ford_Aerostar,NULL,1994-01-01T00:00:00+02:00,NULL,1994-01-01T00:00:00+02:00,NULL,NULL,NULL,NULL,{Ford Flex|Ford Freestar|Ford Transit Connect},{http://dbpedia.org/resource/Ford_Flex|http://dbpedia.org/resource/Ford_Freestar|http://dbpedia.org/resource/Ford_Transit_Connect},200px-2001-2003_Ford_Windstar_Limited.jpg,http://upload.wikimedia.org/wikipedia/commons/thumb/5/57/2001-2003_Ford_Windstar_Limited.jpg/200px-2001-2003_Ford_Windstar_Limited.jpg,NULL,NULL,NULL,NULL,NULL,NULL,NULL,NULL,NULL,{automobile|mean of transportation|Product|owl#Thing},{http://dbpedia.org/ontology/Automobile|http://dbpedia.org/ontology/MeanOfTransportation|http://schema.org/Product|http://www.w3.org/2002/07/owl#Thing},NULL,NULL,2001-2003_Ford_Windstar_Limited.jpg,http://upload.wikimedia.org/wikipedia/commons/5/57/2001-2003_Ford_Windstar_Limited.jpg,Ford Windstar
http://dbpedia.org/resource/Ford_Parklane,Ford Parklane,The Ford Parklane was a car produced by the Ford Motor Company in the United States for one year only 1956. Launched to compete with the Chevrolet Nomad it was a two-door station wagon based on the Ford Ranch Wagon but unlike that low-end workhorse model it was equiped with all the fittings of Ford's top-end Fairlane models of that year including the distinctive stainless steel side 'tick' and a well-appointed interior. An AM radio was $100 while the 4-way power seats were $60.,NULL,NULL,NULL,NULL,Station wagon,http://dbpedia.org/resource/Station_wagon,Station wagon,http://dbpedia.org/resource/Station_wagon,NULL,NULL,NULL,NULL,{Ford_Parklane__1|Ford_Parklane__2},{http://dbpedia.org/resource/Ford_Parklane__1|http://dbpedia.org/resource/Ford_Parklane__2},NULL,NULL,NULL,NULL,5.01904,NULL,NULL,NULL,NULL,NULL,NULL,NULL,NULL,NULL,1956-01-01T00:00:00+02:00,NULL,1956-01-01T00:00:00+02:00,{Ford Fairlane (Americas)|Ford Ranch Wagon},{http://dbpedia.org/resource/Ford_Fairlane_(Americas)|http://dbpedia.org/resource/Ford_Ranch_Wagon},NULL,NULL,NULL,NULL,200px-1956_Ford_Parklane_Stationwagon.jpg,http://upload.wikimedia.org/wikipedia/commons/thumb/1/11/1956_Ford_Parklane_Stationwagon.jpg/200px-1956_Ford_Parklane_Stationwagon.jpg,{3-speed manual|Ford-O-Matic automatic},NULL,NULL,NULL,NULL,NULL,2.9337,1.92786,NULL,{automobile|mean of transportation|Product|owl#Thing},{http://dbpedia.org/ontology/Automobile|http://dbpedia.org/ontology/MeanOfTransportation|http://schema.org/Product|http://www.w3.org/2002/07/owl#Thing},NULL,NULL,1956_Ford_Parklane_Stationwagon.jpg,http://upload.wikimedia.org/wikipedia/commons/1/11/1956_Ford_Parklane_Stationwagon.jpg,Ford Parklane
http://dbpedia.org/resource/Ford_Torino,Ford Torino,The Ford Torino is an intermediate automobile produced by the Ford Motor Company for the North American market between 1968 and 1976. The car was named after the city of Turin (Torino in Italian). The Torino was initially an upscale version of the intermediate sized Ford Fairlane which Ford produced between 1962 and 1970. After 1968 the Fairlane name was retained for the base models with lower levels of trim than those models which wore the Torino name.,{Atlanta|Canada|Chicago|Georgia (U.S. state)|Illinois|Lorain Ohio|Oakville Ontario|Ohio|Ontario|United States},"{http://dbpedia.org/resource/Atlanta|http://dbpedia.org/resource/Canada|http://dbpedia.org/resource/Chicago|http://dbpedia.org/resource/Georgia_(U.S._state)|http://dbpedia.org/resource/Illinois|http://dbpedia.org/resource/Lorain,_Ohio|http://dbpedia.org/resource/Oakville,_Ontario|http://dbpedia.org/resource/Ohio|http://dbpedia.org/resource/Ontario|http://dbpedia.org/resource/United_States}",NULL,NULL,NULL,NULL,Mid-size car,http://dbpedia.org/resource/Mid-size_car,NULL,NULL,NULL,NULL,NULL,NULL,NULL,NULL,Front-engine rear-wheel-drive layout,"http://dbpedia.org/resource/Front-engine,_rear-wheel-drive_layout",NULL,Ford Motor Company,http://dbpedia.org/resource/Ford_Motor_Company,NULL,NULL,NULL,NULL,Ford Fairlane (Americas),http://dbpedia.org/resource/Ford_Fairlane_(Americas),NULL,1976-01-01T00:00:00+02:00,NULL,1968-01-01T00:00:00+02:00,NULL,NULL,NULL,NULL,Ford LTD II,http://dbpedia.org/resource/Ford_LTD_II,200px-1970_ford_torino_cobra_sportsroof_chiolero.jpg,http://upload.wikimedia.org/wikipedia/commons/thumb/0/03/1970_ford_torino_cobra_sportsroof_chiolero.jpg/200px-1970_ford_torino_cobra_sportsroof_chiolero.jpg,NULL,NULL,NULL,NULL,NULL,NULL,NULL,NULL,NULL,{automobile|mean of transportation|Product|owl#Thing},{http://dbpedia.org/ontology/Automobile|http://dbpedia.org/ontology/MeanOfTransportation|http://schema.org/Product|http://www.w3.org/2002/07/owl#Thing},NULL,NULL,1970_ford_torino_cobra_sportsroof_chiolero.jpg,http://upload.wikimedia.org/wikipedia/commons/0/03/1970_ford_torino_cobra_sportsroof_chiolero.jpg,Ford Torino
http://dbpedia.org/resource/Nissan_Maxima,Nissan Maxima,The Nissan Maxima is a mid-size/entry-level luxury car manufactured by Nissan marketed as the four-door sports car. The origins of the Maxima began in July 1976 as the Datsun 810 an upscale six-cylinder version of the Bluebird and was spun into its own line in 1981 having been made continuously since then. The Maxima name was applied gradually beginning in 1981.,NULL,NULL,NULL,NULL,NULL,NULL,{Compact car|Full-size car|Mid-size car},{http://dbpedia.org/resource/Compact_car|http://dbpedia.org/resource/Full-size_car|http://dbpedia.org/resource/Mid-size_car},NULL,NULL,NULL,NULL,NULL,NULL,NULL,NULL,NULL,NULL,NULL,Nissan Motor Company,http://dbpedia.org/resource/Nissan_Motor_Company,NULL,NULL,NULL,NULL,{Datsun 200B|Nissan Maxima},{http://dbpedia.org/resource/Datsun_200B|http://dbpedia.org/resource/Nissan_Maxima},NULL,NULL,NULL,1977-01-01T00:00:00+02:00,NULL,NULL,NULL,NULL,NULL,NULL,200px-2010_Nissan_Maxima_SV_Sport_--_05-03-2010.jpg,http://upload.wikimedia.org/wikipedia/commons/thumb/d/dd/2010_Nissan_Maxima_SV_Sport_--_05-03-2010.jpg/200px-2010_Nissan_Maxima_SV_Sport_--_05-03-2010.jpg,NULL,NULL,NULL,NULL,NULL,NULL,NULL,NULL,NULL,{automobile|mean of transportation|Product|owl#Thing},{http://dbpedia.org/ontology/Automobile|http://dbpedia.org/ontology/MeanOfTransportation|http://schema.org/Product|http://www.w3.org/2002/07/owl#Thing},NULL,NULL,2010_Nissan_Maxima_SV_Sport_--_05-03-2010.jpg,http://upload.wikimedia.org/wikipedia/commons/d/dd/2010_Nissan_Maxima_SV_Sport_--_05-03-2010.jpg,NULL
http://dbpedia.org/resource/Dodge_Caravan,Dodge Caravan,The Dodge Caravan is a family minivan manufactured by Chrysler Group LLC and sold under its Dodge brand. The Caravan was introduced for the 1984 model year along with its nameplate variant the Plymouth Voyager (1984-2001). In 1987 the Dodge Grand Caravan long-wheelbase (LWB) model was introduced and sold alongside the short-wheelbase (SWB) Caravan.,{Fenton Missouri|Windsor Ontario},"{http://dbpedia.org/resource/Fenton,_Missouri|http://dbpedia.org/resource/Windsor,_Ontario}",NULL,NULL,NULL,NULL,Minivan,http://dbpedia.org/resource/Minivan,NULL,NULL,NULL,NULL,NULL,NULL,NULL,NULL,{Front-engine four-wheel-drive layout|Front-engine front-wheel-drive layout},"{http://dbpedia.org/resource/Front-engine,_four-wheel-drive_layout|http://dbpedia.org/resource/Front-engine,_front-wheel-drive_layout}",NULL,Chrysler,http://dbpedia.org/resource/Chrysler,NULL,1984-01-01T00:00:00+02:00,NULL,NULL,NULL,NULL,NULL,NULL,1983-11-02,1983-01-01T00:00:00+02:00,{Chrysler Town & Country|Chrysler Voyager|Dodge Caravan|Plymouth Voyager|Volkswagen Routan},{http://dbpedia.org/resource/Chrysler_Town_&_Country|http://dbpedia.org/resource/Chrysler_Voyager|http://dbpedia.org/resource/Dodge_Caravan|http://dbpedia.org/resource/Plymouth_Voyager|http://dbpedia.org/resource/Volkswagen_Routan},NULL,NULL,Dodge Journey,http://dbpedia.org/resource/Dodge_Journey,200px-2001-2004_Dodge_Grand_Caravan.jpg,http://upload.wikimedia.org/wikipedia/commons/thumb/9/9f/2001-2004_Dodge_Grand_Caravan.jpg/200px-2001-2004_Dodge_Grand_Caravan.jpg,NULL,NULL,NULL,NULL,NULL,NULL,NULL,NULL,NULL,{automobile|mean of transportation|Product|owl#Thing},{http://dbpedia.org/ontology/Automobile|http://dbpedia.org/ontology/MeanOfTransportation|http://schema.org/Product|http://www.w3.org/2002/07/owl#Thing},NULL,NULL,2001-2004_Dodge_Grand_Caravan.jpg,http://upload.wikimedia.org/wikipedia/commons/9/9f/2001-2004_Dodge_Grand_Caravan.jpg,Dodge Caravan/Dodge Grand Caravan
http://dbpedia.org/resource/Chevrolet_Avalanche,Chevrolet Avalanche,The Chevrolet Avalanche is a four-door five or six passenger sport utility truck sharing GM's long-wheelbase chassis used on the Chevrolet Suburban and Cadillac Escalade EXT. Unlike the typical pickup truck the open bed of the Avalanche opens to the back seat area through a folding panel (marketed as a 'mid-gate') and a removable rear window. A series of three removable panels form a watertight cover for the cargo bed.,{Mexico|Silao},{http://dbpedia.org/resource/Mexico|http://dbpedia.org/resource/Silao},NULL,NULL,Pickup truck,http://dbpedia.org/resource/Pickup_truck,Full-size car,http://dbpedia.org/resource/Full-size_car,Marc_R._Asposito,http://dbpedia.org/resource/Marc_R._Asposito,Marc_R._Asposito,http://dbpedia.org/resource/Marc_R._Asposito,NULL,NULL,NULL,NULL,{Automobile layout|Four-wheel drive|Front-engine design},{http://dbpedia.org/resource/Automobile_layout|http://dbpedia.org/resource/Four-wheel_drive|http://dbpedia.org/resource/Front-engine_design},NULL,General Motors,http://dbpedia.org/resource/General_Motors,NULL,NULL,NULL,NULL,NULL,NULL,NULL,2013-01-01T00:00:00+02:00,NULL,2001-01-01T00:00:00+02:00,Cadillac Escalade,http://dbpedia.org/resource/Cadillac_Escalade,NULL,NULL,NULL,NULL,200px-2007_Chevrolet_Avalanche_LS.jpg,http://upload.wikimedia.org/wikipedia/commons/thumb/1/10/2007_Chevrolet_Avalanche_LS.jpg/200px-2007_Chevrolet_Avalanche_LS.jpg,NULL,NULL,NULL,NULL,NULL,NULL,3.302,NULL,NULL,{automobile|mean of transportation|Product|owl#Thing},{http://dbpedia.org/ontology/Automobile|http://dbpedia.org/ontology/MeanOfTransportation|http://schema.org/Product|http://www.w3.org/2002/07/owl#Thing},NULL,NULL,2007_Chevrolet_Avalanche_LS.jpg,http://upload.wikimedia.org/wikipedia/commons/1/10/2007_Chevrolet_Avalanche_LS.jpg,{Cadillac Escalade EXT|Chevrolet Avalanche}
http://dbpedia.org/resource/Saab_95,Saab 95,This article is about the 1959-1978 Saab station wagon/Estate car for the models produced between 1997 and 2011 see Saab 9-5 50x40pxThis article needs additional citations for verification. Please help improve this article by adding citations to reliable sources. Unsourced material may be challenged and removed. Saab 95 File:Saab 95 V4 1974.,NULL,NULL,NULL,NULL,{Sedan delivery|Station wagon},{http://dbpedia.org/resource/Sedan_delivery|http://dbpedia.org/resource/Station_wagon},Compact car,http://dbpedia.org/resource/Compact_car,NULL,NULL,NULL,NULL,{Saab_95__1|Saab_95__2|Saab_95__3},{http://dbpedia.org/resource/Saab_95__1|http://dbpedia.org/resource/Saab_95__2|http://dbpedia.org/resource/Saab_95__3},NULL,NULL,Front-engine front-wheel-drive layout,"http://dbpedia.org/resource/Front-engine,_front-wheel-drive_layout",4.3,{Saab Automobile|Valmet Automotive},{http://dbpedia.org/resource/Saab_Automobile|http://dbpedia.org/resource/Valmet_Automotive},NULL,NULL,NULL,NULL,Saab 93,http://dbpedia.org/resource/Saab_93,NULL,1978-01-01T00:00:00+02:00,NULL,1959-01-01T00:00:00+02:00,{Saab 93|Saab 96},{http://dbpedia.org/resource/Saab_93|http://dbpedia.org/resource/Saab_96},NULL,NULL,Saab 99,http://dbpedia.org/resource/Saab_99,200px-Saab_95_V4_1974.jpg,http://upload.wikimedia.org/wikipedia/commons/thumb/c/ca/Saab_95_V4_1974.jpg/200px-Saab_95_V4_1974.jpg,4-speed manual,NULL,NULL,NULL,NULL,NULL,2.5,NULL,NULL,{automobile|mean of transportation|Product|owl#Thing},{http://dbpedia.org/ontology/Automobile|http://dbpedia.org/ontology/MeanOfTransportation|http://schema.org/Product|http://www.w3.org/2002/07/owl#Thing},NULL,NULL,Saab_95_V4_1974.jpg,http://upload.wikimedia.org/wikipedia/commons/c/ca/Saab_95_V4_1974.jpg,Saab 95
http://dbpedia.org/resource/Volvo_P1900,Volvo P1900,The Volvo Sport (also known as P1900) is a Swedish fiberglass-bodied roadster of which sixty-eight units were built between 1956 and 1957 by Volvo Cars. Assar Gabrielsson Volvo's president and founder got the idea for the car when he saw a Chevrolet Corvette in the United States and wanted to make something similar. He asked Glasspar an American boatbuilder in Santa Ana California to tool a fibreglass/reinforced polyester body which was later produced in Sweden.,NULL,NULL,NULL,NULL,Roadster (automobile),http://dbpedia.org/resource/Roadster_(automobile),NULL,NULL,NULL,NULL,NULL,NULL,Volvo_P1900__1,http://dbpedia.org/resource/Volvo_P1900__1,NULL,NULL,Front-engine rear-wheel-drive layout,"http://dbpedia.org/resource/Front-engine,_rear-wheel-drive_layout",NULL,Volvo Cars,http://dbpedia.org/resource/Volvo_Cars,NULL,NULL,NULL,NULL,NULL,NULL,NULL,1957-01-01T00:00:00+02:00,NULL,1956-01-01T00:00:00+02:00,NULL,NULL,NULL,NULL,Volvo P1800,http://dbpedia.org/resource/Volvo_P1800,200px-Volvo_P1900_1956.jpg,http://upload.wikimedia.org/wikipedia/commons/thumb/0/02/Volvo_P1900_1956.jpg/200px-Volvo_P1900_1956.jpg,3-speed manual,NULL,NULL,NULL,NULL,NULL,NULL,NULL,NULL,{automobile|mean of transportation|Product|owl#Thing},{http://dbpedia.org/ontology/Automobile|http://dbpedia.org/ontology/MeanOfTransportation|http://schema.org/Product|http://www.w3.org/2002/07/owl#Thing},NULL,NULL,Volvo_P1900_1956.jpg,http://upload.wikimedia.org/wikipedia/commons/0/02/Volvo_P1900_1956.jpg,{Volvo P1900|Volvo Sport}
